unit	expression	definition
1	אָבְנַיִים	מתקן מסתובב להכנת כלי חרס
1	אוֹצֵר	הממונה על המוצגים במוזיאון
1	אוֹצֵר	שומר על משהו יקר ערך
1	אָחוּ	כר דשא, שדה מרעה
1	אִיחוּי	חיבור חלקים, הכלבה
1	אִלוּלֵא	אם לא, אלמלא, לולי, לולא
1	אֲלוּמָּה	חבילת שיבולים קצורות
1	אֲלוּמָּה	גלים המשודרים בטווח צר, קרן (אלומת אור - קרן אור)
1	אֲלוּמָּת אוֹר	קרן אור
1	אָמוֹדַאי	צוללן
1	אָמִיר	צמרת, הענפים העליונים בעץ
1	אֲמַתְלָה	תרוץ, סיבה לא אמיתית
1	אָסָם	מחסן תבואה
1	אֶצְבָּעוֹן	כיסוי המהווה הגנה לאצבע בשעת תפירה
1	אֶקְרָן	מסך, מִרְקע
1	אָרִיג	בד
1	אַרְכִיב / אַרְכִיּוֹן	מקום אכסון למסמכים
1	אֲרָעִי	זמני
1	אֶשְׁכּוֹל	מספר פירות או פרחים המחוברים יחדיו לאותו הגבעול
1	אֶשְׁכּוֹל	מספר דברים קטנים המחוברים יחד, חבילה
1	בֵּאוּר	הסבר של נושא לא מובן או ההסבר עצמו, פרשנות
1	בְּגִלּוּפִין	במצב של שכרות קלה, "בראש טוב"
1	בְּגַפּוֹ	לבדו, ללא בן זוג
1	בּוּרְסְקִי / בּוּרְסְקַאי / בּוּרְסִי	מעבד עורות
1	בּוֹשׁ	התבייש
1	בּוֹשֵׁשׁ	התמהמה בעשיית דבר מה (בושש לבוא - איחר, התעכב)
1	בִּיּוּת	אילוף, הפיכת דבר פראי לביתי
1	בִּיּוּת	הנחיית פצצה או טיל אל עבר מטרה
1	בֵּרָא	כָּרַת, עקר עצים
1	בֵּית בַּד	מקום בו מייצרים שמן מזיתים
1	בֵּית מַרְזֵחַ	בר, פאב, מסבאה
1	בַּלָּן	עובד בבית המרחץ
1	בְּמַפְגִּיעַ	בהתרסה, באופן בוטה
1	בְּמַפְגִּיעַ	באופן נמרץ, באסרטיביות, בהחלטיות, בפסקנות
1	בַּעֲלִיל	באופן ברור, ללא ספק
1	בְּפוּמְבִּי / בְּפוּמְבֵּי	באופן גלוי ולעיני כל
1	בָּצִיר	קטיף ענבים
1	בָּצַר	קטף ענבים
1	גָּדָה	קצה כלי, שפת הכלי (מלא עד גדותיו - מלא עד הסוף, עלה על מידותיו)
1	גָּדָה	שפת הנהר, חוף
1	גָהַר	התכופף, השתופף
1	גּוּר	הִזָּהֵר
1	גְזוּזְטְרָה	מרפסת חיצונית (ללא גג)
1	גְּזִיר	חתיכה שנגזרה ממשהו
1	גִּלְעֵן	הוציא את גלעין הפרי
1	גַּרְגְרָן	אכלן, זללן, להוט אחר אוכל
1	גַּת	מקום המשמש לדריכת ענבים והכנת יין
1	דָּגָה	שם כולל לכל הדגים למיניהם
1	דּוֹבֵב	גרם למישהו אחר לדבר
1	דִּידַקְטִי	שקשור בתחום תורת ההוראה (דידקטיקה - תורת ההוראה)
1	דִּרְבּוּן	עידוד לפעולה מסוימת, המרצה
1	הִבְלִיג	ריסן את עצמו, התאפק
1	הִבְלִיג	נמנע מלבטא רגש כלשהו
1	הִגֵּר	עבר מארץ אחת לאחרת והשתקע בה לפרק זמן ממושך
1	הֲדוֹם	שרפרף נמוך, ספסל נמוך שהיושב מניח עליו את רגליו
1	הֶדְיוֹט	נטול ידיעות בתחום מסוים
1	הִטְמִיעַ	ספג, הפנים, גרם למשהו להפוך חלק בלתי נפרד ממשהו אחד
1	הִטְמִיעַ	החדיר מערכת חדשה (למשל מערכת מחשב) לארגון כלשהו
1	הִיסָּה	השתיק, השקיט, החריש
1	הִכְבִּיר בְּמִילִים	דבר רבות באריכות יתרה, האריך בדברים
1	הִכְחִישׁ	טען שמשהו אינו נכון, שלל
1	הַס	מילת ציווי הדורשת שקט
1	הִסְכִּית	שתק והקשיב בריכוז, האזין, הטה אוזן
1	הִסְלִים	החריף, הקצין, הידרדר
1	הִסְמִיךְ	הפך משהו לפחות נוזלי
1	הִסְמִיךְ	נתן לו סמכות, אישר לו לבצע משהו, ייפה את כוחו
1	הִסְמִיךְ	קֵרֵב, גרם להם להיות סמוכים (קרובים / קשורים)
1	הֶעֱלָה אֲרוּכָה	הגליד (ארוכה = גלד, הרקמה הנוצרת תוך כדי תהליך הריפוי של הפצע)
1	הִפְלִיא בּוֹ אֶת מַכּוֹתָיו	הִכָּה אותו
1	הִפְלִיג בְּ-	הִרְבָּה, הפריז, הגזים, עשה משהו בשפע (הפליג בשבחו - שיבח אותו מאוד)
1	הִצְפִּין	נע צפונה
1	הִצְפִּין	העלים, החביא
1	הֵקִיץ	התעורר משנתו, נֵעוֹר
1	הִשְׁחִיז	ליטש וחידד את הלהב
1	הִשְׁתָּאוּת	פליאה
1	הִתְבַּשֵּׂר	קיבל או שמע בשורה (בדרך כלל בשורה טובה)
1	הִתְגּוֹדֵד	התקהל, התאסף
1	הִתְחַלָּה	העמיד פני חולה, התחזה לחולה
1	הִתְחַסֵּד	נהג ברחמנות
1	הִתְחַסֵּד	העמיד פני צדיק
1	הִתִּיר	שחרר (התיר את הקשר - פתח את הקשר)
1	הִתִּיר	אִפְשֵר, הסכים, אישר (מהמילה מותר)
1	הִתְכַּתֵּשׁ	נאבק
1	הִתְמוֹגֵג	התענג, נהנה, רווה נחת
1	הִתַּמֵּר	התרומם כלפי מעלה, התנשא
1	הִתְנַבֵּא	השמיע ניבוי או חיזוי כלשהו
1	הִתְנַכֵּר	העמיד פנים כאילו אין לו קשר אליו, התעלם ממנו במכוון
1	הִתְנַצֵּחַ	התווכח
1	הִתְעַמֵּר	התעלל, התאכזר
1	הִתְעַרְטֵל	פשט את בגדיו
1	הִתְרָה	הזהיר
1	הִתְרַצָּה	נענה לבקשה לאחר שכנוע רב, הסכים
1	זַבָּן	מוכר בחנות
1	זֶרֶד	ענף
1	זָרָה מֶלַח עַל הַפְּצָעִים	הוסיף על צערו, דרך לו על היבלות, נגע בעצב רגיש (זרה - פיזר)
1	חַס	ריחם
1	חֲרִי (אַף)	כעס, חֵמה, זעם
1	חָרִישׁ	ביתור האדמה במחרשה כדי שתהיה נוחה לזריעה
1	חָרִישׁ	העונה שחורשים ומפלחים בה את האדמה
1	חֲרִישִׁי	שָׁקֵט
1	חָרָךְ	שרף קלות באש, צרב
1	חָרָךְ	חריץ או חור בקיר
1	טָוָה	שָׁזַר, יצר חוטים מחומר גולמי
1	טָוָה	חיבר, צירף
1	טְלַאי	חתיכת בד שתופרים על בגד לצורך תיקון קרע
1	טְרָשִׁים	אדמה סלעית שקשה לעבד
1	יָגֵעַ	עייף מרוב עבודה, תשוש
1	יָד רוֹחֶצֶת יָד	אחד עוזר לשני, שמור לי ואשמור לך (בדרך כלל בהקשר שלילי)
1	יְקִיצָה	התעוררות משינה, חוסר שינה, ערנות
1	יַרְכָתַיִים	החלק האחורי של הספינה
1	כְּבַד לָשׁוֹן / פֶּה	מגמגם, מתקשה בדיבור
1	כִּיחֵד	הסתיר, העלים, לא גילה את כל האמת, שיקר
1	כִּילָּה	רשת שפורשים מעל למיטה להגן על השוכבים בה מיתושים וזבובים
1	כִּילָּה	השמיד, חיסל
1	כִּילָּה	סיים, גמר
1	כַּן / כַּנָּה	בסיס שעליו מעמידים דבר כלשהו
1	כְּסָיָה	כפפה
1	כְּרַךְ	עיר גדולה
1	לֵאוּת	יגעות, עייפות, תשישות
1	לְדִידוֹ	מבחינתו, מצידו, לדעתו
1	לַהַג	פטפוט, ריבוי דברים בלא טעם
1	לַהֲגָן	פטפטן, שמדבר בלי סוף
1	לוּלֵא	אִם לֹא
1	לִיבָּה	החלק המרכזי והחשוב ביותר במשהו, גרעין
1	לִיבָּה	הגביר, הסעיר
1	לִיבָּה	החלק הפנימי של הפרי בו מרוכזים הזרעים
1	לִיבָּה	הגדיל את הלהבה
1	לִיטֵּשׁ	שיפר, עיבד, עשה "פִינִיש"
1	לִיטֵּשׁ	נתן מראה חלק או מבריק באמצעות שפשוף/החלקה
1	לִמְגִינַּת לִבּוֹ	לצערו, למורת רוחו
1	מַאֲכֶלֶת	סכין לשחיטה, חַלָף
1	מֵאֵן	לא הסכים, התנגד, סרב
1	מְבוּסָם	שיכור קלות, שתוי
1	מַגָּל	כלי עבודה לקצירת תבואה (עשוי מסכין בצורת חצי ירח)
1	מָהוּהַּ	בלוי, מרופט, שחוק
1	מַזְמֵרָה	כלי גינה המשמש לקיצוץ הענפים
1	מִכְמוֹרֶת	רשת גדולה המשמשת בעיקר לדייג, מצודה (רשת דייגים)
1	מֵלִיץ יוֹשֶר	סנגור, מי שטוען לזכותו של מישהו
1	מָסִיק	קטיף זיתים, עונת קטיף הזיתים
1	מִסְעָד	תמיכה, משענת
1	מַפַּח נֶפֶשׁ	אכזבה גדולה
1	מִצְנֶפֶת	כובע בד, מגבעת
1	מִרְבָּץ	רובד קרקע שמצויים בו מחצבים (מרבץ יהלומים - אזור בו יש יהלומים רבים לכרייה)
1	מְשׁוּנָּן	בעל שיניים או בעל צורה של שיניים
1	מְתַאֲבֵן	מאכל המוגש בתחילת הארוחה על-מנת להגביר את התאבון
1	נִגַף	הובס, נוצח
1	נֶגֶף	מחלה קשה המפילה חללים רבים
1	נֶגֶף	תקלה, מכשול (אֶבֶן נֶגֶף - מכשול)
1	נָדָן	נרתיק החרב
1	נָהִיר	ברור, מובן
1	נֶהֶנְתָן	רודף תענוגות
1	נוֹטֵר	שומר, מאבטח
1	נוֹטֵר טִינָה	לא סולח, שומר כעס
1	נוּל	מכונת אריגה
1	נְחִיל	להקת חרקים
1	נֶחָמָה פּוּרְתָּא	נחמה כלשהי, נחמה מועטה
1	נַחְשׁוֹל	גל גדול
1	נִטְמַע	נקלט והפך לחלק מקבוצה מסוימת, נבלע
1	נִיחָא	מילא, אין דבר
1	נִחַם	התחרט על מה שעשה, הצטער
1	נִיפָּה	סינן, ניקה, ברר
1	נִכּוּשׁ	עקירת עשבים שוטים
1	נִכְלָם	מבוייש, בוש (בּוֹשׁ וְנִכְלָם - הִתְבַּיֵּשׁ מאוד), כלימה = בושה
1	נֶעֱתַר	הסכים, השיב בחיוב
1	נִפְעָם	נרגש
1	נִקְוָוה	זרם והצטבר במקום כלשהו
1	נִרְגָּן	רוטן ומתלונן כל עת
1	נִרְפֶּה	עצלן, רשלן
1	סַוָּר	סבל בנמל
1	סוֹרֵר	מרדן, סרבן, חסר משמעת
1	סַיָּס	עובד המטפל בסוסים
1	סִיקֵּל	פינה אבנים, ניקה את השטח מאבנים
1	סָנֵגוֹר	עורך דין המגן על הנאשם
1	סִתֵּת	הקציע והחליק אבנים
1	סַתָת	מחליק ומהקצע אבנים, בעל מקצוע שמסתת אבנים
1	עִילֵג	מדבר בצורה לא ברורה, כבד דיבור
1	עַלְוָוה	כלל העלים המכסים את העץ
1	עָמַד מִנֶּגֶד / מִן הַצַּד	לא התערב
1	עָרֵב	מי שמתחייב לפרוע חוב של אחר והיה והאחר לא יעמוד בהתחייבויותיו
1	עָרֵב	נעים לשמיעה (נאמר גם על אוכל: ערב לחך - טעים)
1	פִּיר	חוֹר, בוֹר (פיר המעלית - ה"שרוול" בו עוברת המעלית)
1	פָּלָה	הוציא כינים (מהשיער, מהפרווה וכדומה)
1	פָּמַלְיָה	בני-לוויה
1	פֶּרֶא	חמור הבר
1	פֶּרֶא	חסר תרבות
1	צִדֵד	תמך ב-, דגל ב-
1	צִדֵד	הביט מן הצד, הביט מזווית בעין
1	צִדֵד	הפנה דבר מה הצידה, הִטה
1	קוֹרֶט / קַרְטוֹב	מעט, כמות קטנה
1	קוּשִיָה	שאלה, בעיה, חידה
1	קוֹשֵׁשׁ	אסף עצים או קש למדורה
1	קִיטוֹן	חדר קטן, חדר שינה
1	קָמַל	נבל (להיפך: לבלב)
1	קְרִיסָה	התמוטטות, הרס
1	קְרִישָׁה	התעבות של נוזל והפיכתו לסמיך וקרוש
1	קָשַׁר (לוֹ) כְּתָרִים	שיבח אותו מאוד
1	קַת	החלק האחורי של הנשק שבא במגע עם הכתף, ידית
1	רָדָה	שלט ביד רמה, משל
1	רָדָה	אסף דבש מהכוורת
1	רָוָוה	שתה עד שלא הרגיש צמא יותר
1	רָקִיק	מאפה שטוח ודק, עוגיה שטוחה
1	רֶשֶף	הבזק אש, גחלת, ניצוץ
1	רָשַׁף	התיז רשפים או ניצוצות. בהשאלה: כעס, נמלא חימה ותוכחה
1	שָׁאוֹן	קול, המולה, רעש
1	שְׁאַט נֶפֶשׁ	תחושת סלידה (שאט - בוז)
1	שׁוֹקֵק (חַיִּים)	מלא אנשים, פעילות מרובה
1	שִׁיסָה	גרם למישהו לתקוף אחר, הסית
1	שָׁכִיחַ	נפוץ, מצוי (להיפך: נדיר)
1	שָׁכַך	נרגע, שקט, דמם
1	שָׁלָה	הוציא מתוך נוזל
1	שַׁמַּאי	מי שתפקידו להעריך את שווי הנכס
1	תֶּלֶם	החריץ שנוצר בעת חרישת האדמה
2	אֲדָנִית	עציץ מוארך המונח בדרך-כלל על אדן החלון
2	אִסְפְּלָנִית	תחבושת, פלסטר, אגד מדבק
2	אֵפוֹא	אם כך, ובכן
2	אֶצְעָדָה	צמיד לרגל או ליד
2	אֲרוּכָה	גֶּלֶד, שכבת הבשר הבריא העולה על פצע מבריא (העלה ארוכה, הגליד)
2	אֶרֶך אַפַּיִים	אדם סבלני שאינו ממהר לכעוס
2	אֵרַע	קרה
2	אַשְׁפָּה	נרתיק לחיצים
2	בְּדִימוֹס	שהשתחרר או פרש מעבודתו או תפקידו
2	בּוֹסֶר	פרי לא בשל
2	בּוֹסֶר	דבר שעדיין אינו בשל, אינו מוכן
2	בּוֹצֵר	מי שעובד בבציר (קטיף ענבים)
2	בִּיוֹגְרַפְיָה	תאור תולדותיו של אדם מסוים
2	בַּלָאט	בסתר, בחדרי חדרים, בהחבא
2	בַּלָאט	בשקט, בחשאי
2	בְּעֶטְיוֹ	בעצתו (הרעה), בשל מזימתו, באשמתו, (עטי = עצה רעה)
2	בָּצִיר	הענבים עצמם
2	בַּר-מִינָן	מת, מנוח
2	בְּרֹאשׁ חוּצוֹת	בפומבי, בפרהסיה
2	בָּרִי	ברור, ודאי, ידוע
2	בְּרֵישׁ גְּלֵי	לעיני כל
2	בָּרַר	בחר את מה שמתאים ביותר, סינן
2	גָּדַשׁ	מִילא עד אפס מקום
2	גָּדַש אֶת הַסְּאָה	הגזים, הפריז, עבר את הגבול (סאה - מידת נפח עתיקה)
2	גֵּז	צמר שנגזז מהצאן
2	גֵּז	פעולת הגזיזה של הצמר
2	גָּז	נעלם, נמוג, חלף
2	גְּזֵרָה	פקודה או חוק של איסור כלשהו, פסק דין, תקנה, הוראה
2	גַּיְא	שקע צר בין הרים
2	גִּיל / גִּילָה	שמחה, ששון, אושר
2	גַּלְעִין	גרעין הפרי, ליבה, חרצן
2	גְּמִילָה	הבשלת הפרי
2	גְּמִילָה	השתחררות מהרגל מזיק
2	גַּנְזַך	ארכיב, ארכיון, מקום לאכסון מסמכים (לרוב ממשלתי)
2	גַּפַּיִם	שם כולל לרגלים והידיים של בני אדם ובעלי חיים
2	גָּרַע	החסיר
2	דָּלָה	שאב, הוציא מהמים (דָּלָה פנינים). בהשאלה: הוציא משהו לאחר חיפוש (לדלות מידע)
2	דָלַק	בער
2	דָלַק	רדף (אחרי מישהו)
2	דָּרוּך	מוכן לפעולה, ערני, קשוב
2	דָּרוּך	מתוח, משוך
2	הֶאֱמִיר	עלה, התייקר
2	הִבְלִיח	הבהב באור חלש ובלתי יציב, נצנץ
2	הִגְדִּישׁ אֶת הַסְּאָה	הגזים, הפריז, עבר את הגבול (סאה - מידת נפח עתיקה)
2	הֵגִיף	סגר, נעל, הבריח
2	הִדְבִּיר	ריסס נגד מזיקים
2	הִדִּיר רַגְלָיו	נמנע מלבקר, הגיע לעתים רחוקות
2	הִדִּיר שֵׁינָה מֵעֵינָיו	לא נרדם
2	הִדִּיר שֵׁינָה מֵעֵינָיו	גרם לדאגה
2	הֵהִין	העז
2	הוֹכִיחַ	הראה ראיות לנכונותו ואמיתותו של דבר מה, אימת, נזף
2	הוֹכִיחַ	הטיף לו מוסר
2	הוֹקִיר רַגְלָיו	נמנע מלבקר, הגיע לעתים רחוקות
2	הִזְדַּכְּכוּת	הפיכה לנקי וצלול, התנקות
2	הִזְדַּכְּכוּת	השתחררות מחטאים או רגשות שליליים, זיכוך הנפש
2	הִטְלִיא	תיקן קרע בבגד על ידי טלאי
2	הִכְמִין	הניח במקום מסתור, החביא, הסתיר
2	הָלַם	הכה, הקיש, דפק
2	הֵפִיס דַעֲתוֹ	ריצה או הרגיע אותו, השכין שלום
2	הִשְׁכִּין	השליט, השרה (אווירה, שלום וכו')
2	הִשְׁכִּין	נתן מקום מגורים, יישב, אִכלס
2	הִשְׁתּוֹקֵק	רצה מאוד
2	הִתְחַבֵּט	התלבט
2	הִתְמַקֵּחַ	ניהל משא ומתן על מחירו של דבר או על תנאים בעסקה, בחוזה וכדומה
2	הִתְעַרְטֵל	חשף את רגשותיו הכמוסים
2	הִתְפַּעֵם	התרגש מרוב פליאה, החסיר פעימה, התרשם
2	הִתְקַהֵל	התאסף, התקבץ לקהל
2	זְמוֹרָה	ענף, זרד
2	זָמַר	קצץ ענפים (מַזְמֵרָה - מספרים מיוחדים לקיצוץ ענפים, זְמוֹרָה - ענף של גפן)
2	חַבּוּט	מוכה, נחבט
2	חַבּוּט	מועב, שחבטו בו. בהשאלה: נדוש, נושא שדנו בו רבות, חסר חידוש
2	חִלְחוּל	הסתננות
2	חִלְחוּל	חדירה של מים וירידתם למעמקים
2	חמשיר	שיר היתולי, עוקצני וקצר המורכב מחמש שורות (חמש ושיר)
2	חָרִיט	ארנק
2	חָרַץ לָשׁוֹן	התחצף, חירף וגידף, השמיע דברים קשים (גם הוציא לשון)
2	חָתָה	גרף, אסף והעביר (לרוב גחלים) (מַחְתָּה - כלי לטיפול בגחלים)
2	טָבַע	יצר מטבע
2	טָבַע	חקק צורה כלשהי בתוך חומר
2	יָרַד לְסוֹף דַעְתּוֹ	הבין את כוונתו בדיוק
2	יֵשׁ בְּלִבּוֹ עָלָיו	לא סלח
2	כַּבִּיר	גדול, עצום, רב, אדיר
2	כֶּבֶשׁ	מישור משופע (משמש לחיבור בין מקומות בעלי גבהים שונים, כבש המטוס, כבש הספינה וכד')
2	כָּבַשׁ	סלל דרך
2	כָּבַשׁ	לחיצה, דחיסה, הידוק
2	כָּבַשׁ	הקסים
2	כָּבַשׁ	התאפק, הבליג
2	כָּבַשׁ	שמר מזון
2	כִּבְשָׁן	תנור להתכת מתכות וחימום חומרים שונים, כּוּר
2	כַּחַש	שֶקֶר, כַּזָב
2	כִּיבֵּד	טאטא, ניקה
2	כֵּרָה	סעודה, משתה, ארוחה חגיגית
2	כָּרַה	הוציא מחצבים מהקרקע, חפר, חצב
2	כִּתְמוֹל שִׁלְשוֹם	כמו תמיד, כמו שהיה עד עכשיו, כרגיל
2	לֹא שְׁזָפַתּוּ עַיִן	לא נראה על ידי איש, היה חבוי ומוסתר מעיני כול
2	לִבֵּן	בירר סוגיה לעומק, דן בפרטים עד שהבין והגיע למסקנה / לפתרון
2	לִבֵּן	חמם מתכת באש חזקה (עד שצבעה הפך לבן)
2	לַהַק	קבוצה של בעלי חיים, להקה
2	לַהַק	קבוצת מטוסים
2	לָקוֹנִי	קצר, תמציתי, ענייני
2	מִאוּס	דוחה, מגעיל, בזוי
2	מוּמָר	מי שהמיר את דתו
2	מוּסַר כְּלָיוֹת	רגשי אשם, חרטה
2	מָחָה	ניגב (מחה דמעה)
2	מָחָה	התנגד, הביע מחאה
2	מחה	השמיד, השכיח, מחק
2	מֶחֱוָה	תנועה סמלית עם אחד מאיברי הגוף
2	מֶחֱוָה	מעשה בלתי מחייב שנועד להראות על רצון טוב וידידות
2	מְטֻלָּא	מתוקן בטלאי, שניתן עליו טלאי במקום הקרע
2	מִכְמוֹנֶת	מלכודת, פח יקוש
2	מִכְמָן	מטמון, אוצר
2	מִכְמַנִּים	סודות
2	מְפוֹרָז	שאין בו כוחות צבאיים
2	מְצוּעֲצָע	מקושט ומעוטר בחוסר טעם ובצורה מוגזמת, קיטש
2	מֵצֵר	מצטער על משהו
2	מְרוּבָּב	מוכתם, מלוכלך
2	מִרְקָם	הרכב של חומר
2	מִרְקָם	מארג, אופי שנובע מההרכב
2	מָשָׁה	הוציא מתוך המים
2	מְשׂוּרָה	במידה מצומצמת, מעט מאוד
2	מְשׂוּרָה	כלי למדידת נוזלים
2	מָשַׁל בְּרוּחוֹ	ריסן את עצמו, התאפק
2	נוֹחַ לִכְעוֹס	מתעצבן מהר, מהיר חֵמה
2	נִחַם	התנחם
2	נִישָׂא	הושמע, נאמר
2	נִישָׂא	הורם, הונף
2	נִישָׂא	רם, גבוה
2	נָמוֹג	נעלם בהדרגה, התפוגג
2	נָמוֹג	מפוחד מאוד, מבוהל
2	נַקִיק	חריץ בסלע או בהר, סדק
2	נֵתַח	חתיכת בשר
2	נֵתַח	חלק מהשלם, פרוסה
2	סָבָא	שתה לשוכרה (מסבאה - פאב)
2	סַגְפָן	אדם שמענה את עצמו, מתנזר מהנאות החיים
2	סוּגַר	כלוב
2	סֶכֶר	מחסום בפני זרם מים של נהר או תעלה שניתן להרימו ולהורידו לפי הצורך
2	סָכַר אֶת פִּיו	סתם לו את הפה, החריש
2	סָרִיג	אריג סרוג דמוי רשת
2	סָרִיג	מתקן לייבוש כלים
2	סָרִיג	שבכה, מחיצת רשת
2	סָתוּם	לא ברור, לא מובן, מעורפל
2	עִבּוּי	תהליך הפיכת גז לנוזל
2	עִבּוּי	הפיכת דבר לעבה, צפוף או סמיך יותר משהיה
2	עֲדִי	תכשיט
2	עַל נְקַלָּה	בקלות, ללא מאמץ
2	עָלוּם	מוסתר, חסוי
2	עָלוּם	בלתי מוסבר, לא מובן
2	עֱלִי	חלק ממערכת הרביה של צמחים
2	עֱלִי	מכשיר שצורתו גליל המשמש לכתישה
2	עִנְבָּל	לשון הפעמון
2	עִנְבָּל	רצועת הבשר הקטנה התלויה בחלל הלוע מעל ללשון
2	עָנֵף	מסועף, בעל הרבה שלוחות
2	עָנֵף	שיש לו הרבה ענפים רבים
2	עָסִיסִי	רענן, מעניין
2	עָסִיסִי	מלא מיץ
2	עֲשָׁשִׁית	מנורת נפט
2	פָּדָה	הציל, שיחרר, חילץ
2	פָּדָה	שילם כסף תמורת החפץ הממושכן
2	פּוּזְמָק	גרב
2	פּוּמִית	פִּיָּה
2	פִּיטּוּם	האכלת מופרזת
2	פִּיֵּס	הרגיע מישהו והשכיח את כעסו על ידי בקשת סליחה, פיצוי וכו'
2	פִּיֵּס	השכין שלום בין שני צדדים
2	פִּיק בִּרְכַּיִּים	רעידת הברכיים מפחד או מחולשה
2	פֶּלֶג	חלק מהשלם (לרוב במשמעות חצי)
2	פֶּלֶג	נחל טבעי קטן, ערוץ
2	פֶּלֶג	חלק מקבוצה שחבריו החליטו להיפרד ממנה
2	פָּרַע	הרס, בזז
2	פָּרַע	החזיר חוב
2	פָשָׂה	התפשט, התרחב, נפוץ (משמש במיוחד לתיאור תופעות שליליות או מזיקות)
2	פִּשְפָּש	דלת קטנה, שער קטן
2	פֶּתִי	מי שמאמין לכל מה שאומרים לו
2	צְדוּדִית	פרופיל, מראה דמותו של אדם או עצם מן הצד
2	צוֹהַר	חלון קטן, אשנב
2	קוּבְלָנָה	תלונה, טענה
2	קוּלְמוּס	עט, נוצה לרישום
2	קוּף הַמַּחַט	החור במחט דרכו משחילים את החוט, חריר המחט
2	קוֹרַת רוּחַ	שביעות רצון, נחת (להיפך: מורת רוח)
2	קֶסֶת	כלי לדיו
2	קָפַץ	סגר בחוזקה איבר כלשהו (שפתיים, אגרוף)
2	קָפַץ אֶת יָדוֹ	סרב לתת
2	קָרוּא	מי שהוזמן
2	קְשֵׁה עוֹרֶף	עקשן
2	רַאַוְותָן	אוהב להראות את עצמו ולהרשים אחרים (מציג עצמו כאילו היה חלון ראוה)
2	רֶגֶב	גוש עפר
2	רְדִיד	צעיף
2	רוֹבֶד	שכבה
2	רָווּי	מלא, עמוס
2	רָווּי	מלא בנוזלים, ששתה מספיק, שהשקו אותו דַיו
2	רֶכֶס	שרשרת הרים או גבעות
2	רָפֶה	חלש ומדולדל, רופס
2	רִפְיוֹן יָדַיִּם	יאוש
2	רִפְיוֹן רוּחַ	יאוש
2	רִפְיוֹן רוּחַ	חולשה נפשית, חוסר אונים
2	רִתְמָה	מערכת רצועות המשמשת לקשירת הבהמה, אפסר, רסן
2	שְׁבָב	חלק קטן במחשב (צִ'יפ)
2	שְׁבָב	רסיס עץ או מתכת הניתז בעת עיבודם
2	שַׁבְשֶׁבֶת	מתקן המשמש לזיהוי כיוון הרוח
2	שִׁגְעוֹן גַּדְלוּת	סוג של הפרעה נפשית שהלוקה בה חושב שהוא אישיות חשובה ובעלת כוחות מיוחדים
2	שְׁדֵמָה	שדה תבואה או כרם
2	שׁוֹקֶת	מיכל מים דמוי אמבטיה המשמש להשקיית בהמות (בִּפְנֵי שׁוֹקֶת שְׁבוּרָה - במצב של חוסר אונים)
2	שִׁיסּוּי	הסתה לתקיפה, חירחור
2	שָׁלַט בְּרוּחוֹ	ריסן את עצמו, התאפק
2	שִׁעֲרוּך	הערכת שווי מחדש
2	שִׁרְבּוּט	ציור ללא משמעות, "קשקוש"
2	תָּאֵב	רוצה מאוד, משתוקק (תאב בצע - רודף כסף)
2	תַּגְּרָן	רוכל בשוק, סוחר
2	תַּגְּרָן	כינוי למי שמרבה להתווכח על המחיר
2	תּוֹחֶלֶת חַיִים	משך הזמן שאדם (או מכשיר או ארגון) צפויים להתקיים
2	תְּלוּלִית	ערימה קטנה, תלולית
3	אֲבוּקָה	לפיד, צרור קיסמים בוערים
3	אֶבֶן מַשְׁחֶזֶת	אבן המשמשת להשחזה ושינון של כלי חיתוך חדים
3	אֶגֶד	תחבושת לפצע, פלסטר (אגד מדבק)
3	אֶגֶד	חבילה
3	אֶגֶד	יחידה צבאית גדולה
3	אֵגֶל	רסיס, טיפה של נוזל (טל, זיעה, דמעה וכדומה)
3	אָהִיל	כיסוי למנורה
3	אוֹבְּיֶקְטִיבִי	ענייני, שאינו מושפע מדעות או העדפות אישיות
3	אוּמְדָן	הערכה של גודל
3	אוֹרְחָה	שיירה של בעלי חיים או רוכבים (בדרך כלל של גמלים)
3	אוֹרְלוֹגִין	שעון קיר גדול
3	אָחוּז אֵימָה	מפוחד מאוד
3	אָכַף	כפה על קיום חוק, תקנה, פסק דין
3	אָנִין	בעל טעם מעודן ורגיש, בררן
3	אָפִיק	נחל, ערוץ, נהר
3	אָפִיק	מסלול, נתיב, כיוון
3	אָפַס	לא נשאר ממנו דבר, תם, נגמר
3	בָּא עַל שְׂכָרוֹ	קיבל את מה שמגיע לו על מעשיו הטובים, תוגמל
3	בּוֹסֵס	הלך לאט ובצעדים כבדים, בדרך כלל באדמה טובענית, בבוץ, בשלג וכדומה
3	בָּזַק	פיזר
3	בָּזָק	מהיר מאוד, מפתיע
3	בְּחַדְרֵי חֲדָרִים	בצורה לא גלויה, בסתר
3	בִּיעוּת	פחד גדול, מורא, אימה
3	בִּיעָף	במהירות
3	בֵּית מֶרְחָץ	מקום ציבורי שניתן להתרחץ ולהתקלח בו
3	בַּר	תבואה, גרגרי תבואה ללא השיבולים
3	בַּר	בן
3	בַּר	חוץ, הצד החיצון (אין תוכו כברו - אין פנימיותו כחיצוניותו)
3	בַּר	לא מתורבת, פראי
3	בַּר	נקי, טהור
3	בַּר	ראוי ל-, בעל... (בר-סמכא - בעל סמכות)
3	בַּר-שְׁפִיטָה	מי שניתן לשפוט אותו
3	בְּרִיּוֹת	שם כולל לבעלי החיים (כולל בני אדם)
3	בְּרִיחַ	אחד החלקים בנשק קל
3	בְּרִיחַ	קורה מעץ או ברזל המשמשת לנעילת השער
3	בְּשׁוֹגֵג	לא בכוונה, בטעות, שלא במתכוון, בלא יודעין
3	גֹּורֶן	מקום בו דשים את התבואה (מפרידים את הגרגרים מהשיבולים)
3	גָחַן	התכופף, שח, גהר
3	גַּלָב	סַפָּר, אדם שמקצועו לספר אנשים ולגלחם
3	גַּמְלוֹנִי	גדול, ארוך, מגושם, חסר קואורדינציה, מסורבל (גמלוני - כמו גמל)
3	גָּנַז	העביר מסמכים לארכיב לשם אִחסון
3	גֵּץ	ניצוץ
3	גֶּשֶׁם זַלְעָפוֹת	גשם חזק, מבול
3	דּוּמָם	בשקט, בדממה
3	דִידָה	צלע, הלך תוך קפיצות קלות ותנועות מצד לצד
3	דָּלִיל	מימי, נוזלי
3	דָּלִיל	לא מרוכז, לא דחוס, מפוזר
3	דִמְעוֹת תַנִּין	דמעות שווא המוזלות רק למראית עין, השתתפות בצער הזולת כלפי חוץ בלבד
3	דֶּשֶׁן	חומר כימי שמוסיפים לאדמה לצורך השבחתה לגידול צמחים
3	הִדִּיחַ	הסית למעשה שלילי
3	הַדְרָן	קטע נוסף לאחר סיום הופעה, לאור בקשת הקהל
3	הוֹגִיעַ	עייף
3	הִזְלִיף	התיז נוזל, טפטף
3	הִטִּיל אֶת חִתּוֹ / חִתָּתוֹ	הפחיד אותו מאוד, הרתיע
3	הֵטִיל מוֹרָא	הפחיד מאוד
3	הִלְאִים	העביר לבעלות הכלל, הפקיע מבעלות פרטית לבעלות לאומית (להיפך: הפריט)
3	הָלַךְ רָכִיל	ריכל
3	הָלַך שְׁבִי	התפתה אחרי דבר מה שהתברר כשקר ומרמה, הלך שולל
3	הָלַך שְׁבִי	התאהב במישהו או משהו לחלוטין והיה מוכן לעשות הכול למענו
3	הָלַך שׁוֹלַל	האמין לדבר שהתברר כמוטעה, רוּמה
3	הִלְעִיט	האכיל יותר מידי
3	הֵמִיר	החליף דבר אחד בשני
3	הֵמֵס	חימם מוצק עד שהפך לנוזל
3	הֵסֵב	התיישב לשולחן
3	הֶעְפִּיל	עלה על מקום גבוהה, טיפס
3	הֶעְפִּיל	התקדם בתפקיד או מעמד
3	הִפְצִיר	בקש שוב ושוב, התחנן
3	הִפְקִיעַ	לקח דבר מה מבעליו בעזרת צו משפטי או בתוקף חוקי אחר
3	הִפְקִיעַ	העלה דבר מעבר למקובל (הפקעת מחירים - העלאה מופרזת של מחירים מעבר למחיר המקובל, פשיטת עור)
3	הֵפֵר	לא קיים
3	הֵפֵר	הפסיק, השבית
3	הִצְטַנֵּף	התכרבל בתנוחה עוברית
3	הֵקִיץ הַקֵץ	הגיע הסוף למשהו, תם
3	הִקְנִיט	הרגיז מישהו על ידי לעג, עקיצה
3	הִרְעִיף	העניק דברים טובים (כמו מחמאות) בנדיבות וברוחב לב
3	הִרְעִיף	הזיל, התיז
3	הִרְפָּה	הפסיק להחזיק בו, הפסיק להטריד או להציק
3	הִשִּׂיא עֵצָה	ייעץ
3	הִשְׁרָה	שם משהו בתוך נוזל, טבל (והשאיר בתוך הנוזל)
3	הִשְׁתַּיֵּר	נשאר, נותר
3	הִשְׁתַּעְבֵּד	השקיע את כל זמנו ומרצו במשהו תוך זניחת דברים אחרים
3	הִשְׁתַּעְבֵּד	קיבל בהכנעה את מרותו של מישהו, דוכא
3	הִשְׁתַּעְבֵּד	התמכר
3	הִתְאַבֵּק בַּעֲפַר רַגְלָיו	הפך לתלמידו
3	הִתִּיךְ	העביר חומר ממצב מוצק למצב נוזל
3	הִתְיַמֵּר	חשב וטען שהוא יכול לעשות משהו שמעבר ליכולתו
3	הִתְלַקֵּחַ	התפרץ, התעורר והתחזק (על יֶצֶר, רגש וכד')
3	הִתְלַקֵּחַ	נדלק, התחיל לבעור
3	הִתְלַקֵּחַ	התלהט, התפשט (על ריב, קטטה וכד')
3	הִתְעַשֵּׁת	חזר לשלוט במצב, התארגן מחדש, יצא ממצב של בלבול
3	הִתְפִּיל	הפך לתפל, הפך מי ים למי שתיה
3	הִתְקַנֵּא	התחיל לקנא
3	הִתְרַבְרֵב	התגאה, השתחצן, "השוויץ"
3	הִתְרַעֵם	כעס, התרגז, התמרמר
3	זַאֲטוּט	ילד קטן, תינוק
3	זְחוּחַ	מי שהתנהגותו היא שילוב של שביעות רצון מוגזמת וגאוותנות
3	זִיקּוּק	טיהור, ניקוי
3	זַך	נקי, טהור, צלול
3	זִכּוּך	טיהור
3	זָרָה	פיזר, הפיץ (כמו בביטוי - זרה מלח על הפצעים)
3	זָרָה אֲבָק / חוֹל בַּעֵינַיִים	הונה, ניסה להסתיר את העובדות
3	חוֹשֶׁךְ מִצְרַיִם	אפלה כבדה, חושך מוחלט (מכת החושך במצרים)
3	חַיִּץ	סוג של גדר המשמש להפרדה, מחיצה
3	חִישֵּׁל	חיזק והקשיח מבחינה פיזית או נפשית
3	חֲפִיר	תעלה חפורה באדמה מסביב לחומת העיר או מסביב למבצר
3	חֵרֵף נַפְשוֹ	סיכן את חייו בשביל משהו שהאמין בו
3	חֶרְפָּה	בושה
3	חֶשְׁבּוֹנִיָּה	מכשיר לביצוע פעולות פשוטות של חיבור וחיסור (מורכב משורות חרוזים שאפשר להזיזם מצד לצד)
3	חַתְרָנוּת	לחתור תחת מישהו, פעילות שמטרתה לערער מבפנים את הסדר הקיים
3	טָחוּב	רטוב, לח
3	טָמַן ראשׁוֹ בַּחוֹל	התעלם מהמציאות החמורה
3	טֶרָסָה	מדרגה שנבנית במדרון ההר כדי למנוע סחף אדמה
3	יָהִיר	גאוותן, רברבן
3	יְחִידֵי סְגוּלָה	אנשים שמצטיינים בתחום פעולתם, משכמם ומעלה
3	יְלוּדָה	כלל התינוקות שנולדו בזמן/במקום מסוים (ההפך מתמותה)
3	יָצָא מִכֵּלָיו	התפרץ בכעס עד ששכח את עצמו, התרתח ביותר
3	יֶקֶב	המקום שבו מייצרים יין
3	יְקַר הַמְּצִיאוּת	נדיר, שאין רבים כמותו
3	יְשִׁימוֹן	מדבר, שממה
3	יָשִׁישׁ	זקן, קשיש
3	כִּיכָּר	יחידת משקל עתיקה
3	כָּלִיל	לגמרי, לחלוטין, עד תום
3	כְּלִימָה	בושה
3	כָּמוּש	מצומק, בלה, נובל
3	לְבָנָה	ירח, המאור הקטן
3	לְמוֹתָר	מיותר
3	מבוֹאָר	מפורש, מוסבר
3	מַגְבִּית	גביית כספים בצורה מאורגנת למטרה ציבורית כלשהי
3	מַהְבִּיל	מעלה אדים, רותח
3	מָהַל	ערבב נוזלים, הקטין את הריכוז על ידי הוספת מים
3	מֵזַח	רציף הנכנס אל תוך הים ואליו קושרים את הסירות
3	מֵחוּשִׁים	כאבים
3	מַחֲלוֹקֶת	מריבה, חילוקי דעות
3	מַחְלָצוֹת	בגדים מפוארים, לבוש מהודר
3	מַטְפֶּה	מיכל לכיבוי אש, מַטָף
3	מֵי תְּהוֹם	מי גשמים המצטברים מתחת לאדמה ומשמשים מקור למעיינות ולבארות
3	מְיוֹעָר	מכוסה יער
3	מַכּוֹשׁ	כלי עבודה חקלאי דמוי מעדר
3	מִנְיָן	עשרה יהודים לפחות הדרושים בכדי לקיים תפילה
3	מַעֲגָן	נמל, מרינה, מפרץ קטן המשמש לעגינת כלי שיט
3	מָעַל	עשה שימוש בכספים או ברכוש שהובטח בידו למטרות רווח אישיות, שלח יד לכסף
3	מִפְתָּן	סף, החלק התחתון בכניסה
3	מַקְצֵרָה	מכונה חקלאית המשמשת לקצירת יבולי דגנים
3	מַרְבָד	שטיח, שכבה, רובד
3	מִשְׁעֶנֶת קָנֶה רָצוּץ	דבר או אדם שאין לסמוך עליו
3	מַתְבֵּן	מחסן תבן, אסם
3	נָא	צלוי למחצה, מבושל למחצה
3	נִבְצַר מִמֶנּוּ	נמנע ממנו דבר מה
3	נְהִירָה	הגעה של הרבה אנשים למקום מסוים
3	נוּגֶה	עצוב
3	נָטָה חֶסֶד	עזר לו והתייחס אליו ברוך, סייע
3	נִים וְלָא נִים	בין שינה לערות, שינה קלה מאוד
3	נֵכַר	ארץ זרה ומרוחקת, חוץ לארץ
3	נִלְאֶה	עייף, תשוש
3	נְמוּך רוּחַ	צנוע, עניו
3	נָצַר אֶת לְשׁוֹנוֹ / פִּיו	השתתק, לא הוציא הגה
3	נִקְבָּה	מחילה, מנהרה
3	נַקְבּוּבִית	נקב קטן מאוד, חור זעיר
3	סָבוּךְ	מסובך מאוד (על בעיה), סמיך ועבות (על יער)
3	סוֹכֵךְ	כיסה לצורך הגנה
3	סִיכֵּל	ביטל, הכשיל דבר מה
3	סָר חִינוֹ	הפסיק למצוא חן בעיני מישהו (החן שלו זז)
3	סָתוּר	לא מסודר, פרוע
3	עָבִיט	כלי קיבול למי שפכים, סיר לילה
3	עֶגְלוֹן	מי שנוהג בעגלה רתומה לסוסים
3	עֹול	כלי רתמה לבהמות עבודה, שני מוטות המחוברים ביתדות לעורף הבהמה
3	עִישֵּׂב	הוציא (בידיים) עשבים שוטים (נִיכּוּש - הוצאת עשבים בעזרת מַכּוֹש)
3	עַל רֶגֶל אַחַת	בצורה קצרה ומתומצתת, ביעף
3	עָלַב	העליב, פגע
3	עָמַד עַל טִיבוֹ	חקר את אופיו של משהו וגיבש את דעתו עליו, תהה על קנקנו
3	עֲקַלְקָל	שאינו ישר, מפותל
3	עֲרוּגָה	תלולית אדמה מוארכת בה זורעים זרעים או שותלים שתילים בגינה
3	פּוֹרֶה	שמניב הרבה פרי, שנותן תפוקה גדולה, יעיל
3	פְּלָצוּר	חבל ארוך עם לולאה בקצה המשמש את הבוקר ללכידת סוסים, לָאסוֹ
3	פְּתַלְתְּל	שאינו ישר, מפותל
3	פְּתַלְתְּל	הפכפך, ערמומי
3	פְּתַלְתְּל	מסובך להבנה, מורכב
3	צִי	קבוצת אוניות בעלות ייעוד משותף
3	צִיר	מיץ, רוטב
3	צִיר	שליח, מיופה כוח, מעין שגריר
3	צְנִים	טוסט, קלי
3	קוֹצֶר רוּחַ	חוסר (קצר ב) סבלנות
3	קִידָּה	השתחוות קלה
3	קֶלַח	פרי התירס
3	קֶלַח	קלח תירס, אשכול התירס שבו מצויים הגרגרים
3	קֶלַח	זרם, שטף
3	קְלִישָאַה / קְלִישָה	רעיון נדוש ושחוק שכבר הועלה פעמים רבות בעבר והספיק לאבד מעוצמתו
3	קָמִין	תנור, אח
3	קִנְטֵר	לגלג, הרגיז
3	קְשֵׁה לֵב	חסר רחמים, אכזרי
3	קְשֵׁה לֵב	חצוף, חסר בושה, גס רוח
3	קְשֵׁה לֵב	עקשן
3	רוֹחַב יָד / לֵב	נדיבות
3	רִיפָּה אֶת יָדָיו	החליש אותו מורלית (ההיפך מעודד אותו), ייאש אותו
3	שְׂבָכָה	מחיצת רשת, גדר
3	שַׁבְרִיר	חלק קטן ביותר, קצת
3	שׁוֹבָךְ	קן יונים בצורת תיבה
3	שָׁחוּק	נדוש, שדוף (כשנאמר על רעיון)
3	שָׁחוּק	בלוי ומשומש, מרופט
3	שָׁחוּק	עייף נפשית, מותש וחסר כוח
3	שַׁחַת	תבואה
3	שִׁחֵת	השחית, הרס, חיבל
3	שִׁדֵּל	פיתה, ניסה לשכנע מישהו לעשות משהו בניגוד לרצונו ההתחלתי
3	שִׁיכּוּך	ריכוך, הרגעה (משככי כאבים)
3	שִׁכְתּוּב	כתיבת חומר כלשהו בשנית בניסוח או סגנון טוב יותר
3	שִׁלְהֵי	סוף, סיום, בשלבים האחרונים
3	שָׁלַח יָד בְּנַפְשוֹ	התאבד, טָרָף נפש בכַפו
3	שִׂמְחָה לְאֵיד	שמחה על כשלונו של מישהו
3	שָׁפָל	נבזה, מנוול
3	שָׁפָל	נמוך, קטן (שפל רוח - צנוע, רוחו "קטנה")
3	שַׁרְלְטָן	נוכל, רמאי
3	תֶּבֶן	סוג של קש המשמש כמאכל בהמות
3	תָּדִיר	שכיח, קורה לעתים קרובות (תדיר - בתדירות גבוהה) (להיפך: נדיר)
3	תִּיעוּב	סלידה, מאיסה
3	תַּסְמִין	סימפטום, סימן היכר
3	תִּפְרַחַת	מספר פרחים המחוברים יחדיו לאותו הגבעול, אשכול
3	תַּתְרָן	נטול חוש ריח. בהשאלה: חסר חוש הבחנה
4	אֶבְרָה	כנף של עוף
4	אַדְוָה	גל קטן
4	אִוְושָׁה	רחש קל, רשרוש
4	אָזְלַת יָד	חוסר אונים, חולשה, חוסר יכולת לבצע דבר מה
4	אֲחִיזַת עֵינַיִים	תרמית, הטעיה, הולכת שולל
4	אֵיכָה?	איך? הכיצד?
4	אִיכּוּל	קורוזיה, הרס מתכת עקב התרכבות עם חמצן
4	אִימּוּם	תבנית בצורת כף רגל או גוף בעזרתה מייצרים נעליים או בגדים
4	אֵימְתָנִי	מפחיד, מאיים, מבהיל
4	אֵיפָה וְאֵיפָה	אפליה, יחס לא שווה לשני אנשים שונים
4	אֵיתָן	חזק ויציב, חסון
4	אֵיתָן בְּדַעְתוֹ	עומד על דעתו, דבק בעמדתו, משוכנע בצדקתו
4	אָמַד	העריך
4	אַמַּת מַיִם	תעלה המשמשת להעברת מים ממקום למקום
4	אֲנָקָה	צעקה (לרוב כתוצאה מצער או כאב), גניחה
4	אֲפַרְכֶּסֶת	החלק העליון בשפופרת הטלפון שאותו מצמידים לאוזן
4	אִצְטַבָּה	מדף, רף
4	אַרְכָּה	הארכת זמן, תוספת זמן
4	בְּדִיעֲבַד	לאחר מעשה
4	בּוּר	שדה לא מעובד שלא נחרש או נזרע
4	בּוּר (וְעַם הָאָרֶץ)	חסר השכלה, אנאלפבית
4	בֵּיבָר	גן-חיות
4	בְּכִי תַּמְרוּרִים	בכי מר על אסון, התייפחות
4	בֶּכֶר	גמל צעיר
4	בִּמְשוּרָה	כמות קטנה ומצומצמת (לקוח מהביטוי "מים במשורה")
4	בָּעֲרָה חֲמָתוֹ	זעם, כעס, רגז
4	בַּר-כִּבּוּשׁ	שאפשר לכבוש אותו
4	גֵּאוּת	עליית מפלס מי הים
4	גִּבֵּב	אסף חפצים שונים וערם אותם בערימה, שם דברים זה על גבי זה ללא סדר
4	גָּדִיד	קטיף תמרים
4	גוּמְחָה	שֶקַע בקיר
4	גִּידֵּף	קִלֵל
4	גַלְעֶד	יד, אנדרטה, מצבה
4	דָּווּי	מיוסר, כואב, מעונה
4	דִּכְדּוּךְ	דיכאון, עצב, מועקה נפשית
4	דַּש	קפל בבגד
4	דָּשׁ בַּעֲקֵבָיו	מזלזל
4	הֵאִיץ	הוסיף מהירות, זירז
4	הִגְלָה	גירש מישהו ממולדתו
4	הַדְלִיף	גילה למישהו דבר שהיה אמור להישאר חסוי
4	הוֹנָה	רימה, הטעה
4	הוּעַם	הפך לקהה, טושטש, עורפל
4	הֶחְטִיא	גרם למישהו לבצע חטא
4	הִקָּווּת	היאספות של מים במקום מסוים (מקווה מים)
4	הִלְבִּין פָּנִים	בייש, העליב
4	הָלַךְ עִמּוֹ בְּקֶרִי	פעל נגדו, פעל באופן שיעצבן אותו, "עשה לו דווקא"
4	הֲלָצָה	בדיחה
4	הֵנִיא	גרם לו לא לעשות את שתכנן, מנע בעדו
4	הִסְבִּיר פָּנִים	האיר פנים, התנהג בצורה נחמדה
4	הִסְתּוֹדֵד	התלחש עם מישהו
4	הֶעְתִּיר	העניק בנדיבות וברוחב לב
4	הִצְנִיעַ	הניח דבר מה כך שלא יבלוט, החביא, הסתיר
4	הֵצֵר צְעָדָיו	הגביל, הפריע לו ומנע את התקדמותו
4	הִקְשָה אֶת לִיבּוֹ / עָרְפּוֹ	התעקש, לא וויתר, המשיך לסרב
4	הֶרֶף עַיִן	פרק זמן קצר מאוד, רגע
4	הִשְׁתַּנֵּק	התקשה לבלוע או לדבר בגלל התרגשות שמנעה מעבר תקין של האוויר, נחנק, מעבר האוויר אליו נחסם
4	הִתְוַדֵּעַ	ערך היכרות עם מישהו/משהו חדש, הכיר לראשונה
4	הִתְפַּלֵּשׁ	התגלגל בעפר או בלכלוך
4	הִתְרַפֵּס	התחנף למישהו, לחך את עפר רגליו
4	זָלַג	נטף, נזלו ממנו טיפות
4	זָלַג	זרם במקום בלתי רצוי
4	זָעוּם	מעט מאוד
4	זַרְזִיף	זרם דק
4	חַבּוּרָה	סימן כחול / נפיחות כתוצאה ממכה
4	חוּצוֹת	שטחים פתוחים, רחובות
4	חִיבּוּץ	תהליך הכנת החמאה והשמנת
4	חַלּוּק נַחַל	אבן חלקה שנשחקה על ידי זרימת מים
4	חֶנְוָנִי	בעל מכולת
4	חַרְטוֹם	החלק הקדמי של חפץ כלשהו, כלי שייט/טייס, בעל-חיים
4	חָשׁ	הרגיש
4	חָשׁ	הזדרז, מיהר, נחפז, נבהל, נזעק, אצה לו השעה
4	חֲתִימַת שָׂפָם	ראשית צמיחתו של השפם
4	טָמִיר	נסתר, סודי, בלתי מוכר
4	טָף	שם כולל לילדים קטנים/תינוקות
4	טַרְחָן	טרדן, נודניק, אדם שמטריח אחרים
4	יְבָבָה	יללה, בכי ממושך או מקוטע (על פי רוב לא חזק)
4	יְדִיד נֶפֶשׁ	חבר נפש, חבר טוב
4	יִלּוֹד	תינוק רך (בשבועות הראשונים לחייו)
4	יָצוּעַ	מיטה, משכב, כלי מיטה שמציעים לשכיבה
4	יָרֵא	פוחד, מבועת
4	יָרַד לַטִּמְיוֹן	הלך לאיבוד, אבד (משמש בהתייחסות לדבר שקרה לאחר כישלון)
4	יְשׁוּעָה	הצלה
4	כּוֹנֵן	ייסד, הקים
4	כִּחְכּוּחַ	השמעת קול חיכוך בגרון
4	כִּיסוּפִים	געגועים, השתוקקות
4	כְּלָיָה	חיסול, השמדה
4	כְּמִיהָה	השתוקקות
4	כְרוֹנוֹלוֹגִי	ערוך בסדר זמנים עוקב
4	כִּתֵּת אֶת רַגְלָיו	הלך הרבה
4	לַהַב	החלק החד של כלי חיתוך, סכין, פגיון, חרב
4	לָקָה	חלה במשהו, נפל למשכב
4	מְאוּבָּן	דבר שנתקשה כאבן
4	מְאוּבָּן	נדהם, משותק
4	מְבוֹאָה	לובי, אולם כניסה
4	מַהַתַלָה	שובבות, מעשה קונדסות
4	מְזָוֶוה	ארון או חלל קטן המיועד לאחסון מוצרי מזון
4	מְחִית	מאכל עשוי מפירות או ירקות מעוכים, פירה
4	מָחַל	סלח
4	מַחְצָב	חומר שחוצבים מן האדמה כגון: אבנים, פחם, מתכת וכו'
4	מַחְצָבָה	מקום בו חוצבים אבנים לבניין וכו'
4	מְטִיל	גוש מתכת יצוקה בצורה כלשהי
4	מַטָף	מיכל שמשמש לכיבוי אש
4	מִיכֵּן	התקין מכונות במקום מסוים לצורך ביצוע עבודות שעד כה נעשו באופן ידני
4	מְכוּנָף	שיש לו כנפיים
4	מַכּוֹת נֶאֱמָנוֹת / נִמְרָצוֹת	מכות חזקות מאוד
4	מִכְסָה	כמות מסוימת שנקבעה מראש
4	מַעֲטֶה	כיסוי, כְּסוּת, מעטֶפֶת
4	מְפַעְפֵּעַ	מחלחל, חודר
4	מְפַעְפֵּעַ	מעלה בועות משמיע רשע של מים רותחים, מבעבע
4	מַצְבִּיא	מפקד צבאי בכיר, קצין
4	מַקְרֵן	רדיאטור
4	מַקְרֵן	מכשיר להקרנת שקופיות
4	מִקְשָׁה	שדה דלועים (אבטיחים, דלעות, קישואים או מלונים)
4	מַרְזֵב	צינור לניקוז מים מגג הבניין לאדמה או לביוב
4	מַרְשֶה	מי שנתן ייפוי כוח לאדם אחר כדי שייצג אותו (לרוב הכוונה ללקוח של עורך הדין)
4	מְשׁוּבָה	מעשה קונדס, שובבות
4	מְשׁוּבַת נְעוּרִים	מעשה שנובע מקלות דעת או משובבות
4	מָשַׁח	מרח (בד"כ שמן)
4	מָשַׁח	יצק שמן על דבר בכדי לקדשו
4	מִשְׁלַח יָד	עבודה, עיסוק, מקצוע
4	מִשְׁעוֹל	דרך עפר צרה, שביל
4	מִשְׁתָּלָה	מקום בו מגדלים ומוכרים שתילים
4	מִתְרָס	מחסום מאולתר מחפצים שונים
4	נְחוּשְתַּיִים	שלשלאות שנועדו למנוע את חופש התנועה של האסירים, כבלים
4	נַיָּח	קבוע, מקובע, שאינו נייד, לא ניתן להזיזו ממקום למקום
4	נִיחוֹח	ריח נעים וטוב
4	נִיתֵּץ	ניפץ לרסיסים, ריסק
4	נִכְנַס בָּעֳבִי הַקוֹרָה	התמודד עם הבעיה, ירד לעומקו של עניין
4	נָס	נעלם, התפוגג
4	נָס	ברח, נמלט
4	נָפַל עַל אוֹזְנַיים עֲרֵלוֹת	לא הקשיבו למה שאמר, דיבר אל העצים והאבנים
4	נִפְתָּל	עקלקל, פתלתל
4	נִפְתָּל	ערמומי, תחבולני
4	נִצָּב	ידית של חרב, קת
4	נִצָּב	עמד, מוקם
4	נִצָּב	אנך
4	נִצָּב	שחקן בתפקיד שולי שמשמש כתפאורה, סטטיסט
4	נְקִי כַּפַּיִים	ישר, הגון, צדיק
4	נִקְלֶה	בזוי, נחות, בעל ערך נמוך
4	נְקָפוֹ לִבּוֹ / מַצְפּוּנוֹ	נתקף ייסורי מצפון, התחרט
4	נִשְׂגָב מִבִּינָתוֹ	אינו יכול להבין את הדבר
4	סָבַב אוֹתוֹ בְּכַחַשׁ	שיקר לו, רימה אותו
4	סוֹאֵן	רועש
4	סוּמָא	עיוור
4	סִיכָה	מריחה בשמן, משיחה
4	סִמְטָה	רחוב צדדי וצר
4	סַף	מפתן בדלת הכניסה, אדן
4	סַף	התנאי או הכמות המינימאלית להתרחשותו של דבר מה
4	סִפּוּן	תקרה, חלקה העליון של האוניה (התקרה של בטן האוניה)
4	סָפוּן	צפון, נסתר
4	עוּל יָמִים	צעיר
4	עָכוּר	לא צלול, דלוח
4	עָכוּר	עצוב, מדוכדך
4	עָכוּר	לא תקין, משובש
4	עַל כַּרְעֵי תַּרְנְגוֹלֶת	רעוע ובלתי יציב
4	עַל מֵי מְנוּחוֹת	ברוגע, בשלווה
4	עָלַץ	שמח, התמלא שמחה
4	עָמַד עַל דַּעְתוֹ	הפך לבר דעת, התחיל להבין
4	עָמַד עַל דַּעְתוֹ	התעקש, המשיך להחזיק בדעתו, עמד על שלו
4	עִמְעוּם	גרימה למשהו להיות מעורפל או מטושטש, הפיכתו לפחות ברור משהיה
4	עִמְעוּם	החלשת האור והפיכתו לעמום יותר
4	עָנָיו	צנוע
4	עֲקֵב בְּצַד אֲגוּדָל	צעד אחר צעד, בזהירות יתרה
4	עָשָׂה שַׁמּוֹת	הרס משהו, החריב
4	פַּדַחַת	מצח
4	פִּדְיוֹן	המרה של שטר התחייבות בכסף
4	פִּדְיוֹן	הכנסה המתקבלת בפרק זמן כלשהו
4	פִּדְיוֹן	שחרור אדם או דבר מה בערבות כספית או שוות ערך אחרת
4	פּוֹשֵׁט יָד	קבצן
4	פִּכְפּוּך	זרימה, נביעה
4	פִּסְגָּה	החלק הגבוה ביותר בהר
4	פְּצִירָה	מכשיר המשמש לשיוף והחלקה (של עץ, מתכת וכו')
4	פְּצִירָה	כלי לטיפוח הציפורניים
4	פְּרִימָה	התרת קשרים
4	פְּרַקְדָן	שכוב על הגב
4	פָּשַׁט יָד	ביקש נדבה, קיבץ נדבות
4	פְּתִית	פרור
4	צָחִיחַ	מחוסר מים, יבש
4	צַחֲנָה	סירחון, עיפוש
4	צִיטָטָה	קטע המובא לשם חיזוק או הדגמה (לרוב ממקור כתוב כלשהו), מובאה
4	צָלוּל	לא עכור, שקוף
4	צָפוּן	נסתר, נעלם
4	קֵהֶה	לא חד
4	קֵהֶה	עמום, מעורפל
4	קֵהֶה	שאינו בשל, בוסר
4	קָטֵגוֹר	עורך הדין שתובע את הנאשם
4	קְלִיָּה	חריכה של גרגרי תבואה
4	קָמוּר	מעוקם בצורת קערה כלפי מעלה, קשתי (להיפך: קעור)
4	קָנָה (לוֹ) שְׁבִיתָה	התמקם, השתקע
4	קָתֶדְרָה	שמו של הכיסא עליו יושבים הבישופים
4	קָתֶדְרָה	במה עליה עומד הנואם, דוכן
4	קָתֶדְרָה	יחידה מדעית במוסד להשכלה גבוהה
4	רִדֵּד	שיטח
4	רָדוּד	לא עמוק
4	רִיק	וָואקוּם, אֶפֶס
4	רִקֵּעַ	הפך לשטוח (יצר צורות על ידי שיטוח מתכת)
4	רָקַע	דרך בחוזקה על הקרקע
4	רָתַח	כעס מאוד
4	שְׁאָר רוּחַ	יכולות רוחניות ונפשיות גדולות כגון רגישות, פתיחות וכדומה
4	שְׁבִיתַת נֶשֶׁק	הפסקת אש, הפסקה מוסכמת של כל פעולות הלחימה
4	שְׂדֵרָה	שכבה חברתית, מעמד, סטטוס
4	שְׂדֵרָה	שיירה (בד"כ של כלי רכב), שורה
4	שְׂדֵרָה	רחוב רחב, סימטה
4	שִׁנֵּן	למד היטב, חזר שוב ושוב על משהו כדי לזכור אותו
4	שַׁלְשֶׁלֶת	שרשרת כבדה עשויה טבעות מתכת
4	שָׂם לְאַל	מנע את התגשמותו של משהו, סיכל
4	שָׁפַךְ לִבּוֹ	השתפך, חשף את כל צרותיו בפני מישהו
4	שָׁרָב	מזג אוויר חם מאוד
4	שְׁרַפְרַף	כסא נמוך, הדום
4	תָּהָה עַל קַנְקַנּוֹ	עמד על טיבו, בחן אותו
4	תּוֹרֶן	מוט גבוה בספינה לקשירת המפרשים
4	תּוֹרֶן	עמוד גבוה לתליית דגל
4	תֵּל	גבעה מלאכותית, ערמה, גל
4	תָּמַהּ	הטיל ספק, התחבט לגבי נכונותו של הדבר
4	תָּמַהּ	התפלא, מוזר ומפתיע
4	תַּסְכִּית	יצירה דרמתית שעובדה לשידור ברדיו
4	תָּעַה	איבד את הדרך
4	תַּרְעוֹמֶת	תחושת כעס, רוגז
4	תְּשׁוּקָה	רצון עז, תאווה עזה
5	אֵבוּס	כלי להגשת אוכל לבהמות
5	אָבוּס	מפוּטם
5	אֶבֶן בּוֹחַן	אמת מידה, מדד
5	אוּרְבָּנִי	עירוני (עירוני - urban)
5	אוֹתִיוֹת קִדּוּשׁ לְבָנָה	אותיות גדולות במיוחד (להיפך: אותיות טַל וּמָטָר)
5	אֵיד	צרה, אסון
5	אַיֵּה?	איפה?
5	אֵין-אוֹנִים	אי יכולת להתמודד, חולשה מוחלטת
5	אִיפּוּל	איסור פרסום ברבים, צנזורה, עמימות
5	אֲלוּנְטִית	מגבת
5	אִלְפָּס	סיר עמוק עם ידית ומכסה, מחבת עמוקה
5	אָמָה	משרתת, שפחה
5	אָמָה	מידת אורך קדומה (מהמרפק עד שורש כף היד)
5	אֶמְפִּירִי	שמבוסס על ניסוי (להיפך: תיאורטי)
5	אִמְרָה	שולי האריג, שפת הבגד
5	אִמְרָה	פתגם
5	אַסְדָּה	סירה קטנה, רפסודה
5	אַסְקופָּה	סף
5	אַסְקופָּה הַנִּדְרֶסֶת	כינוי לאדם שכולם מתעמרים בו, אדם חלש אופי
5	אָרְכָה לוֹ הַשָּׁעָה	הזמן נדמה בעניו כנצח, היה חסר סבלנות
5	אַרְכּוֹף	סד עינויים בו נקשרות הרגליים והידיים
5	אַרְכּוֹף	טבעת לרגלו של הרוכב
5	אַרְכָנִי	ארוך שלא לצורך
5	אַשְׁמוֹרֶת	שליש מהלילה, חלק מהלילה
5	אָתֵאִיסְט	מי שכופר בקיום האל, מי שמביע חוסר אמונה באל עליון כלשהו
5	בָּא בַּיָּמִים	זקן, קשיש
5	בֶּדֶק בַּיִת	בקרה עצמית, בדיקה לצורך שיפור
5	בְּהֶנֵף יָד	בקלות, כלאחר יד, ללא מחשבה
5	בּוֹר סוּד (שֶׁאֵינוֹ מְאַבֵּד טִפָּה)	בעל זיכרון טוב (סוּד - מְסוּיָּד, שהמים לא נספגים בקירותיו ונשארים בתוכו)
5	בָּזִיךְ	סוג של כוס, גביע
5	בָּזִיךְ	סוג של קערה
5	בִּזְעֵיר אֲנְפִּין	בקנה מידה קטן, מוקטן
5	בִּזֵּר	האציל סמכויות, פיזר האחריות
5	בָּחַשׁ בַּקַּלַּחַת	סכסך
5	בֵּין הַמְּצָרִים	במצב דחוק, באין מוצא
5	בֵּין הַשִּׁיטִין	בין השורות, במרומז, לא באופן מפורש
5	בֵּית גְּנָזִים	מקום אכסון למסמכים
5	בֵּית נְכוֹת	מוזיאון
5	בֵּית עֲבוֹט	מקום בו ניתן למשכן חפצים תמורת הלוואה, בית משכונות
5	בְּלִיל	תערובת
5	בֶּן-כִּלְאַיִים	בעל חיים או צמח שהוא תוצר של שילוב בין שני מינים שונים
5	בֶּן-דְּמוּתוֹ	דומה לו
5	בְּעָלְמָא	ללא סיבה מיוחדת
5	בְּעָתָה	פחד פתאומי, בהלה, חרדה
5	בְּצוֹק הָעִתִּים	בזמנים קשים, בזמן מצוקה
5	בְּשָׂפָה רָפָה	בקול חלש, במלמול
5	בְּשָׂפָה רָפָה	אמר את שאמר בחוסר רצון ומתוך הכרח
5	גֶזֶם	הענפים שנגזמו, הפסולת שנשארה לאחר הגיזום
5	גִּילָּה אֶת אָזְנוֹ	סיפר לו סוד
5	גָמָא / גָמַע	לגם, שתה
5	גֶּפֶת	פסולת הזיתים לאחר הסחיטה
5	גֶּרֶם	עצם (כמו עצמות השלד)
5	גֶּרֶם	גוף בעל צורה ונפח (גרם מדרגות - סדרה רצופה של מדרגות, גרם שמים - גוף שְׁמֵימִי)
5	דְּבָרִים בְּעָלְמָא	דברים סתמיים, ללא כוונה מיוחדת
5	דָּחַק אֶת הַקֵּץ	ביקש לקרב את הסוף קודם זמנו
5	דָּחַק אֶת הַשָּעָה	עשה משהו לפני זמנו, נהג בפזיזות
5	דָּחַק אֶת רַגְלָיו	תפס את מקומו, נישל אותו מתפקידו
5	דִּנְדֵּן	צלצל בפעמון
5	דַּעְתָּן	מי שיודע להביע את דעתו בצורה נחרצת ויכול לדבוק בעמדותיו, אסרטיבי
5	דָּרְבָּן	גלגל שיניים קטן המחובר לעקב המגף ונועד לדרבן את הסוס (על ידי דקירתו)
5	הֶאֱבִיס	נתן אוכל רב מדי
5	הֶאֱבִיס	האכיל בעלי חיים
5	הֶאֱנִישׁ	ייחס תכונות אנושיות למי שאינו אנושי
5	הֶדוֹנִיזְם	נהנתנות, רדיפת תענוגות
5	הוֹלֵך עַל קֶרַח דַּק	נמצא במצב קשה ומסוכן תחת נסיבות שאינן לחלוטין בשליטתו
5	הִזָּה	התיז נוזל, טפטף, הזליף
5	הִידֵס	הלך בצורה לא יציבה כשהוא נוטה מצד לצד
5	הִיפּוֹתֶטִי	משוער, לא ודאי, תאורטי
5	הֵלִיט	כיסה, הסתיר (לוֹט - כיסוי)
5	הָלַך עַל חֶבֶל דַּק	מצוי במצב שבו כל טעות קטנה יכולה להסב לו נזק
5	הֲלָנַת שָׂכָר	עיכוב תשלום השכר לעובד
5	הִפְטִיר	קרא הפטרה (הפטרה - קטע מספרי הנביאים שקוראים בבית כנסת)
5	הִפְטִיר	אמר משהו ללא תשומת לב מיוחדת, "זרק" משהו לאוויר
5	הִפְרִיט	העביר בעלות מהמדינה לידיים פרטיות (להיפך: הלאים)
5	הִקְדִּיחַ	בישל יתר על המידה
5	הַרְרֵי זָהָב	דמיונות וגוזמאות
5	הִתְחַוֵּר	התברר ללא ספק, הסתבר
5	הִתַּמֵּם	עשה עצמו תמים, התנהג כאילו אינו יודע במה מדובר
5	וָאדִי	אפיק נחל סלעי (מרבית השנה הוא יבש)
5	ווּלְגָרִי	המוני, גס, פשוט ביותר
5	זוֹג	החלק החיצון בפעמון, דפנותיו של פעמון (מה שמַכֶּה בזוג הוא העִנְבָּל)
5	חֲדַל פֵּרָעוֹן	מי שלא מסוגל לשלם את חובו
5	חוֹרֵשׁ מְזִמּוֹת	זומם, מתכנן להרע
5	חִלּוּפֵי גַּבְרֵי	החלפת בעלי תפקידים
5	חֵלֶב	שעוות נר
5	חֵלֶב	שומן המצוי בגופם של בעלי חיים
5	חָלַט	יצק מים חמים
5	חֲלִיפַת מִכְתָּבִים	התכתבות בין שני אנשים או גופים
5	חֵמָה	כעס, זעם, רוגז
5	חָנוּט	מומיה
5	חֲנִיטָה	השריית גופת אדם או חיה בחומר מיוחד המונע ממנה להירקב
5	חֲפוּי רֹאשׁ	נבוך, מבויש, נכלם
5	חֻרְשָף	ארטישוק
5	טִכֵּס עֵצָה	התייעץ, חיפש תחבולה
5	טְפָחוֹת	הקורות העליונות של מבנה
5	טְרוּט עֵינַיִם	בעל עיניים עצומות למחצה בשל עייפות, חוסר שינה או חולי
5	טְרוּנְיָה	תלונה, תרעומת, טענה קשה
5	יָגוֹן	תסכול, דכדוך, דיכאון
5	יוֹבֵל	חמישים שנה
5	יוּבַל	נחל, זרוע של נהר
5	יוֹגֵב	איכר, עובד אדמה, חקלאי
5	יוֹשֵׁב קְרָנוֹת	בטלן, הולך בטל (קרן = פינה), אוכל לחם חסד
5	יֵש דְּבָרִים בְּגוֹ	יש טעם בדבר, יש בזה היגיון
5	כָּאוֹטי	במצב של אי סדר
5	כָּאוֹס	ערבוביה, תוהו ובוהו
5	כְּבוּדָּה	מטען, משא
5	כּוֹרֵם	בעל מקצוע שמגדל גפנים וענבים
5	כּוֹתֶרֶת	העלים הצבעוניים של הפרח
5	כּוֹתֶרֶת	אדריכלות - החלק העליון של עמוד אבן, בדרך כלל כותרת העמוד מקושטת במוטיב צמחי
5	כְּזַיִת	קצת, מעט, קמעה
5	כִּישוֹר	קנה שנכרכים עליו חוטי הצמר או הפשתן הנטווים
5	כִּמְטַחֲוֵי קֶשֶׁת	קרוב, בהישג יד, בקרבת מקום (בטווח ירייה של חץ מקשת)
5	כָּפִיס	קרש, קורת עץ
5	לַבְלָר	פקיד, מזכיר
5	לוֹיָאלִי	נאמן, שומר אמונים
5	לָטֶנְטי	חבוי, כמוס, רדום (להיפך: אוֹבֵרְטִי)
5	לְעֵילָא וּלְעֵילָא	הטוב ביותר, המובחר
5	מַבּוּעַ	מעיין, מקור, יסוד
5	מוֹנוֹגַמְיָה	נשיאת אשה אחת בלבד (להיפך: ביגמיה, פוליגמיה)
5	מוֹנוֹתֵאִיזְם	אמונה באל אחד
5	מַזְלֵף	משפך
5	מְחַרְחֵר (רִיב)	סכסכן, איש מדון
5	מִיטַת סְדוֹם	מקום או מצב שאין בו חופש פעולה
5	מָלַק	ערף את ראשו של בעל חיים
5	מַסָּד	בסיס, יסוד
5	מְסוּפָּק	מלא ספקות, שרוי בספק
5	מְסוּפָּק	בא על סיפוקו
5	מְעֻקָּר	שעבר חיטוי מוחלט מכל החיידקים שבו, סטֶרילי
5	מַקְצוּעָה	אחד מכליו של הנגר המשמש להחלקת עצים
5	מַרְבֵּק	מקום בו מפטמים בעלי חיים
5	מַרְחֶשֶׁת	מחבת לטיגון
5	מַרְצֵע	מכשיר ניקוב (עבד נרצע - עבד עולם שסומן ע"י ניקוב אוזנו)
5	מָשַׁךְ בְּעֵט	עסק בכתיבה, כתב דברי ספרות
5	מַשְׂכִּית	קישוט, תכשיט
5	מַשְׂכִּית	ציור, תמונה
5	נְאָקָה	אנחת כאב, גניחה
5	נָאקָה	הנקבה של הגמל
5	נֶחְבָּא אֶל הַכֵּלִים	מי שאינו יהיר ואינו מתרברב, צנוע
5	נָס לֵחוֹ	איבד מערכו, איבד מכוחו
5	נֶקֶב / נַקְבּוּבִית	חור קטן, חריר
5	סַדָן	בסיס מעץ או מתכת עליו מניחים חומרים שונים כדי לעבדם (בין הפטיש לסדן - נמצא במצב ללא מוצא)
5	סַדָן	הקטע הבולט מן הקרקע של העץ לאחר שנכרת, גדם, גדע
5	עוֹלָל / עוֹלֵל	תינוק
5	עָטָה	לבש, התכסה
5	עָיִר	חמור צעיר
5	עָרַג	זעק, התחנן
5	עָרַג	רצה מאוד, השתוקק, התגעגע
5	עֲרִירִי	חסר צאצאים
5	עֲרִירִי	בודד, גלמוד, מיותם
5	עֲשָׂבִים שּׁוֹטִים	דברים שליליים שיש להיפטר מהם, עשבים רעים
5	פוֹרְס מָז'וֹר	אירוע שנמצא מעבר לשליטתנו ושלא ניתן לצפות מראש, יד הגורל
5	פּוֹשֵט עוֹרוֹת	מי שגובה מחיר מופקע על מרכולתו או שירותיו, נצלן
5	פַּרְגּוֹל	שוט
5	פְּרֶמְיֵירָה	הצגת הבכורה, ההופעה הראשונה
5	צִיקְלוֹן	סופה
5	צִיקְלוֹן	תרמיל
5	צַיְקָן	קמצן, צר עין
5	צָפִיר	תַּיִשׁ
5	קֻבַּעַת	גביע, כוס או קערה עם "רגל"
5	קוֹהֶרֶנְטִי	שיש קשר בין חלקיו, רציף, עקבי
5	קוֹקֵטִי	גנדרן, מתחנחן
5	קוֹרֶקְטִי	נאות, ענייני
5	קִלְטֵר	הפך את האדמה, פורר את האדמה
5	קָפָא עַל שְׁמָרָיו	היה שמרני, לא התקדם
5	קֹצֶר רוּחַ	חוסר סובלנות
5	קֶרֶת	עיר, קריה
5	קַרְתָן	כינוי גנאי לאדם שמרן (קַרְתָּנוּת = פרובינציאליות)
5	קַרְתָּנִי	בן עיר קטנה
5	רוֹדֵף שְׂרָרָה	כינוי לתאב כוח והשפעה
5	שִׁבֹּלֶת	גבעול התבואה עצמו
5	שָׁדוּד	עייף מאוד, מדוכא,
5	שׁוֹבֵב אֶת נַפְשׁוֹ	עודד אותו, דרבן אותו
5	שָׂטַם	שנא, תיעב
5	שֶׂכְוִי	תרנגול
5	שְׁנָתוֹת	קווי סימון על כלי למדידת כמות
5	שָׁעָה קַלָּה	פרק זמן קצר
5	שַׁפִּיר	טוב, בסדר, מניח את הדעת
5	שָׂפַת	שם כלי לחימום על האש (שפת את הקומקום - שם את הקומקום על האש)
5	שָׁקַט עַל שְׁמָרָיו	היה שמרני, לא התקדם
5	תּוּגָה	דכדוך, דכאון
5	תּוֹפֶת	גיהינום, מקום נורא אשר יש בו סכנת חיים
5	תַּרְוָוד	כף מבשלים, מצקת
6	אֶבֶן דֶּרֶךְ	נקודת ציון המסמנת אירוע משמעותי בהשתלשלות של מאורעות
6	אֶבֶן רֵחַיִים עַל צַוָּוארוֹ	אחריות כבדה שמעיקה עליו וממנה לא יכול להשתחרר, קושי רב
6	אֲבַק אָדָם	אדם חסר ערך
6	אַדֶּרֶת	גלימה, מעיל עליון רחב (בעיקר של איש עשיר או מכובד)
6	אוּד	גזיר (חתיכת) עץ שלא נשרף כולו
6	אוֹפּוֹרְטוּנִיזְם	ניצול הזדמנויות (בדרך כלל בהקשר שלילי) (הזדמנות - opportunity)
6	אוֹרֶךְ רוּחַ	סבלנות, מתינות
6	אֲחוּז תְּזָזִית	חסר מנוחה, בעל מרץ בלתי נדלה ובלתי נשלט, נסער
6	אֵימָתַי	מתי?
6	אֵין יָדוֹ מַשֶּׂגֶת	אין ביכולתו להשיג, אינו יכול לרכוש או לממן
6	אִישׁ קְּצָווֹת	אדם קיצוני
6	אִלְחוּשׁ	גרימה לחוסר תחושה בחלק בגוף, הרדמה
6	אַלְיָה וְקוֹץ בָּהּ	דבר טוב שיש בו פגם קטן
6	אַמְבָּר	אסם, מחסן תבואה
6	אִמֵּץ אֶת יָדָיו	עודד אותו, דרבן אותו
6	אַרְכָאִי	מיושן, עתיק, קדום, ששייך לעבר
6	אַרְכִיפֶּלָג	קבוצת איים
6	אֶשְׁנָב	חלון קטן, פתח
6	אַשְׁפָּרָה	גימור איכותי ומשופר של מוצר (בדרך כלל טקסטיל או בטון)
6	אַשְׁפָּרָה	עיבוד ושיפור האריג
6	בָּא בִּדְבָרִים	דיבר עמו, שוחח
6	בָּא כֹּחַ	מורשה, נציג
6	בָּאוּ לְעֵמֶק הַשָּׁוֶוה	התפשרו, הסכימו, השתוו
6	בּוּסְתָן	גן של עצי פרי
6	בַּחֲרוּת	תחילת תקופת הבגרות (מהמילה בחור)
6	בֵּין הַעַרְבַּיִם	הזמן בין שקיעת השמש ועד שמחשיך, לפנות ערב
6	בֵּין הַשְׁמָשוֹת	בין ערביים, בזמן דמדומים, לפנות ערב
6	בֵּית מִטְבָּחַיִם	משחטה
6	בֵּית נְתִיבוֹת	אולם נוסעים בשדה תעופה או בתחנת רכבת
6	בֵּית תַּמְחוּי	מקום שמחלק אוכל לעניים בחינם או תמורת תשלום סמלי
6	בִּמְחִי יָד	בלי מאמץ, בהינף יד
6	בֶּן-לְוָיָה	מי שמתלווה לאדם אחר, שהולך איתו
6	בַּעֲלֵי שְׂרָרָה	אנשים הנושאים בתפקיד רשמי כלשהו, אנשים רמי דרג בשלטון (בנימת גנאי)
6	בַּעֲרוֹב יָמָיו	בסוף חייו, לעת זקנתו
6	בֵּרָא	כרת צמחיה, יצר קרחת יער
6	בְּשׂוֹרָה	ידיעה חשובה
6	גֶּבֶר	תרנגול
6	גּוּזְמָה	הגזמה, הפרזה
6	גּוּשְׁפַּנְקָה	אישור סופי
6	גּוּשְׁפַּנְקָה	חותמת רשמית של אדם רם מעלה
6	גָּזַר	פסק, קבע את גזר הדין
6	גָּזַר	הסיק
6	גְּזֵרָה שָׁוָוה	השוואה בין שני דברים ולמידה על האחד מן האחר
6	גַּיִס חֲמִישִׁי	כינוי לבוגדים מבית, גורם פנימי המסייע לאויב
6	גָּמַר בְּדַעְתּוֹ / בְּלִבּוֹ / אוֹמֶר	החליט
6	דֹּכִי	רעש הגלים כשהם מתנפצים
6	דִּיאָלוֹג	דו שיח
6	דְּיוֹטָה	קומה בבית
6	דיוֹתָה	כלי קיבול לדיו
6	דַלְפוֹן	עני
6	הִבְרִיחַ	הכניס פנימה בניגוד לחוק
6	הִבְרִיחַ	נעל, סגר באמצעות בריח
6	הִגִיר	שפך, הזיל
6	הוֹלֵךְ בָּטֵל	בטלן
6	הוֹקִיעַ	תקף מילולית, מתח ביקורת, גינה
6	הוֹקִיעַ	המית מישהו בפומבי בצליבה או בתלייה
6	הֵזֵם	הוכיח כי דבריו של אדם אחר אינם נכונים
6	הֶחְפִּיץ	התייחס לאדם כאילו היה חפץ
6	הִכָּה עַל חֵטְא	התחרט על מעשה רע, הודה, חזר בתשובה
6	הִלֵּך אֵימִים	הפחיד אותו מאוד, אִיֵּם, הרתיע
6	הֵנֵץ	הוציא פרחים או ניצנים, לבלב, פרח
6	הִשְלִיך אַחֲרֵי גֵּווֹ	התנער ממנו והתכחש לקשר אליו, הפנה לו עורף (גֵּווֹ=גופו)
6	הִתְבַּשֵּׂם	השתכר, התבסם
6	הִתְבַּשֵּׂם	הזליף בושם על הגוף
6	הִתְפַּקֵּר	חזר בשאלה, כפר
6	זִבּוּרִית	אדמה גרועה שאינה טובה לשימוש חקלאי
6	זִבּוּרִית	החלק הגרוע, סחורה גרועה
6	זַג	קליפת הפרי (בדרך כלל משמש בהתייחסות לקליפת הענב)
6	זְחִיחוּת דַּעַת	שביעות רצון עצמית הגובלת ביהירות
6	חָוָוק	מדרגה, שלב בסולם
6	חִילָּה	המתיק
6	חִילָּה אֶת פָּנָיו	התחנן (חילה - המתיק)
6	חִישוּר	מוט המחבר את מרכז הגלגל עם החישוק
6	חִישוּר	אחת העצמות בכף היד
6	חָמַד לָצוֹן	שם מישהו לצחוק, התלוצץ
6	חֲמַרְמֹרֶת	האנג-אובר
6	חָרֵד	מפחד, מבוהל, מזועזע
6	חֶרְמֵשׁ	כלי לקצירת תבואה המורכב מסכין בצורת קשת המחוברת למקל ארוך
6	חָתוּל בַּשַּׁק	כינוי לדבר שטיבו לא ידוע
6	טַס	מגש
6	טַפְסָן	פועל בניין מומחה בהתקנת תבניות ליציקת בטון
6	טַפְסָר	דרגת קצונה במכבי-אש
6	טַפְסָר	פקיד
6	טָרַף	ערבב (טרף קלפים)
6	יָגוֹר	פוחד, חושש (אשר יגורתי בא - הדבר ממנו חששתי קרה)
6	יוֹשֵׁב עַל הַגָּדֵר	נמנע מלנקוט עמדה, נמנע מלצדד
6	יִחֵל	קיווה
6	יִצְהָר	שמן זך
6	יָשַׁב עַל הַמְּדוֹכָה	התלבט, התחבט (מדוכה - קערה לכתישת תבלינים בעזרת עֵלִי - "כתש" את הבעיה)
6	כְּבָרָה	מסננת, כלי שתשתיתו עשויה רשת
6	כִּיוּל	כיוון, איפוס
6	כִּיפֵחַ	גבוה מאוד
6	כִּלְאַחַר יָד	בלי כוונה מיוחדת, כבדרך אגב
6	לֹא בִּכְדִי	לא לשווא, לא לחינם
6	לְהַוָּתִי	לצערו הרב, למזלו הרע
6	לוֹקָלִי	מקומי (local), אזורי
6	לֵיל שִמּוּרִים	לילה לבן, לילה שערים בו (בדרך כלל מתוך דאגה)
6	מָאוֹר	גוף מפיץ אור, זוהר
6	מַגְלֵב	שוט
6	מְדוּשָן עוֹנֶג	מרוצה מאוד, מלא נחת, מסופק
6	מוּג לֵב	פחדן, רַך לֵב
6	מוֹנוֹלוֹג	נאום, שיח יחיד
6	מוֹץ	קליפת גרגירי הדגנים
6	מוּשְׂכָּל רִאשׁוֹן	הנחת יסוד שאינה ניתנת להוכחה, אולם מתייחסים אליה כאילו היא נכונה ולא ניתנת לערעור
6	מָט	זז במקומו בחוסר יציבות
6	מָט	מטושטש, עמום
6	מַט לִנְפּוֹל	לא יציב, רעוע
6	מַכְלֵב	מהדק, שדכן
6	מִלְּגוֹ / מִלְגַו	מבפנים, מתוך (להיפך: מִלְבַּר)
6	מִלְּגוֹ וּמִלְבַּר	מבפנים ומבחוץ
6	מֶלוֹדִי	בעל מנגינה נעימה
6	מְלִיצָה	דברי חכמה, לעתים בסגנון פיוטי עם חריזה
6	מְלִיצָה	דיבור גבוה, לעתים תוך ציטוט פסוקים
6	מַמְגוּרָה	אסם תבואה גדול
6	מְסוּקָס	מחוספס, מיובל
6	מִסְרוֹן	אס-אם-אס, הודעת טקסט
6	מְעוּשֶׂה	לא אמיתי, מזויף, מלאכותי
6	מָרָה שְחוֹרָה	דיכאון, ראיית שחורות, פסימיות
6	מָרִית	כלי מריחה הדומה לסכין עם להב קהה, שפכטל
6	מַשׂוֹא פָּנִים	העדפה של אחד הצדדים, אפליה
6	מַשְכּוּכִית	כינוי לאייל המושך את העדר אחריו
6	נָבוּב	חלול, ריק. בהשאלה: ריקני, שטחי
6	נִיבוֹן	אוסף ניבים ופתגמים, מילון ניבים
6	נִמְלַך בְּדַעֲתוֹ	חשב והתלבט לגבי סוגיה כלשהי
6	נִמְלַך בְּדַעֲתוֹ	שינה את דעתו, התחרט
6	נִמְלַךְ בּוֹ	התייעץ איתו, נועץ בו
6	נָפִיל	ענק
6	נִצְרָך	אדם עני שזקוק לעזרה
6	נֶקְטָר	משקה האלים, משקה פירות "איכותי" יותר ממשקאות תרכיז למיניהם
6	סְגַלְגַל	אליפטי, בצורת ביצה
6	סָר	פנה, זז, יצא
6	סָר	פקד, בא, לבקר
6	סִרְהֵב	הפציר, ביקש
6	סִרְהֵב	עמד על התנגדותו למשהו, לא הסכים
6	עוֹקֵר הָרִים	בעל שכל חריף, כינוי לאדם חריף בדברי תורה
6	עוּר!	קום! התעורר!
6	עִזָבוֹן	ירושה
6	עִידִּית	אדמה משובחת. בהשאלה: דבר משובח, החלק המובחר
6	עֵינַיִים טְרוּטוֹת	עיניים סגורות למחצה (לרוב עקב מחסור בשינה)
6	עָלֶה נִידָּף	חלש וחסר אונים, חדל ישע
6	עַפְרָה	סלע המכיל מתכת, מחצב
6	עַפְרוֹת זָהָב	שכבות של אדמה המכילה זהב
6	עִקֵּר	גרם לו להיות עקר (חסר יכולת להביא צאצאים)
6	עִקֵּר	חיטא, טיהר
6	עָקַר	תלש, שלף, קרע אותו ממקומו
6	עָקַר	היגר, ירד (מהארץ)
6	עָקָר	חסר טעם או תועלת
6	עָקָר	שאינו פורה, לא מסוגל להוליד צאצאים
6	עָקַר אֶת רַגְלָיו	הלך
6	עַרְדָלַיים	נעליים שנועלים על נעליים כדי שלא יירטבו
6	פֶּה מֵפִיק מַרְגָּלִיוֹת	כינוי לאדם בעל כושר ביטוי יוצא מן הכלל
6	פּוֹלִיגַמְיָה	נישואי גבר למספר נשים (פולי - הרבה)
6	פָּלוּש	פרוזדור, מסדרון
6	פָּסַח עַל שְׁתֵּי הַסְּעִיפִּים	היסס, לא היה עקבי
6	פַרְהֶסְיָה	לעיני כל, בפומבי
6	פְּרַקְלִיט	עורך דין, טוען
6	צִחְצוּחַ חַרָבוֹת	התנצחות, ויכוח סוער
6	צִינָּה	מגן
6	צִינָּה	קור
6	צִלְצָל	כידון המחובר לחבל ומשמש לציד ימי
6	קִבּוֹרֶת	שריר הזרוע
6	קְדִימוֹן	פרומו
6	קוֹטֵל קָנִים	אדם פשוט, חסר השכלה (מופיע בעיקר בביטוי: אינו קוטל קנים - מומחה)
6	קוּרְנָס	פטיש כבד
6	קְטַן אֱמוּנָה	ספקן, סקפטי
6	קִיצֵּץ אֶת כְּנָפָיו	הפריע לו במשהו ומנע את חופש פעולתו, הגביל
6	קִיצֵּץ אֶת כְּנָפָיו	הפיג את התלהבותו
6	קִיתוֹן	כד, כלי לנוזלים
6	קָץ	מאס, נמאס עליו
6	קִרְקֵעַ	אסר להמריא, ריתק לקרקע
6	קִרְקֵעַ	ריתק לבית
6	רֵחַיִים	מתקן משתי אבנים לטחינת גרגרי תבואה (רֶכֶב ושֶכֶב - האבן העליונה והאבן התחתונה)
6	רֵיחַיִים עַל צַוָּארוֹ	אחריות כבדה שמעיקה עליו וממנה לא יכול להשתחרר, קושי רב
6	שְבִיב	ניצוץ. בהשאלה: מעט מאד, שמץ (שביב תקווה - ניצוץ של תקווה, תקווה מועטה אך קיימת)
6	שִׁבֹּלֶת	סוג של תפרת המורכבת מגרגרים צמודים
6	שִׁבֹּלֶת	זרם מים חזק מאוד, מערבולת
6	שָׁדוּף	ריק, חסר תוכן
6	שָׁדוּף	דק, רזה
6	שׁוּר	הבט, ראה, הסתכל (בציווי)
6	שָׁח / שָׁחָה	התכופף (שחוח - כפוף)
6	שָׁח / שָׁחָה	קד קידה, השתחווה, השתטח
6	שִׂחֲקָה לוֹ הַשָּׁעָה	התמזל מזלו
6	שִיוָּוה (בְּנַפְשוֹ)	דמיין
6	שִׂיחוֹן	ספרון המכיל משפטים ותרגומם לצורך לימוד שפה או ככלי עזר לתיירים
6	שְׂרָרָה	שלטון, סמכות
6	תּוּפִין	מאפה, עוגיה
6	תְּזָזִית	שיגעון, טירוף
7	אֶבְיוֹן	עני, חסר-כל
7	אִבֵּק	ניקה מאבק, הוציא אבק
7	אִבֵּק	פיזר אבקה על משהו
7	אוּרִים וְתֻמִּים	מומחה, מקור מוסמך שאין לערער עליו, סמכות עליונה
7	אֶזוֹטֶרִי	פנימי, כמוס, ידוע רק לחוג מצומצם
7	אֶזוֹטֶרִי	שולי, חסר עניין לציבור
7	אִילוּחַ	זיהום, מוגלה
7	אִינְטֶגְרָלִי	חלק חיוני ובלתי נפרד, שאי-אפשר בלעדיו
7	אִינְטֶגְרָלִי	שלם, שכל חלקיו נמצאים
7	אֶפִּילוֹג	קטע קצר שנוסף לספר לאחר סיומו
7	אֶפִּילוֹג	סוף, סיום
7	אִצְטְלָה	כבוד, גדולה או משרה חשובה שהם בדרך כלל מדומים
7	אִצְטְלָה	גלימה, בגד עליון רחב שנלבש לרוב על ידי אנשים מכובדים
7	אִשְׁרוּר	אישור סופי
7	אֶתְנָן	במקור: שכר יצאנית. בהשאלה: שכר בתמורה לדבר לא מוסרי, מתנה או טובת הנאה בכדי להשיג רווח לא הוגן
7	בְּאִיבּוֹ	בראשית דרכו, בצעירותו (נקטף באיבו - מת בגיל צעיר)
7	בְּדוּתָה	שקר, דבר בדוי
7	בְּדַיָה	שקר (בָּדָה - המציא)
7	בּוּלְמוּס	רעב חזק
7	בּוּלְמוּס	תאווה, חשק עז
7	בַּחֲטָף	בחופזה, במהירות
7	בַּחֲטָף	ללא סימן מוקדם, לפתע
7	בִּיגַמְיָה	נשואי גבר אחד לשתי נשים בו זמנית, נישואים כפולים
7	בָּלוּם	סתום, אטום, סגור
7	בָּלוּם	מלא עד הסוף, עמוס, עשיר ב-
7	בַּרְדָס	כיסוי ראש המחובר אל הבגד מאחור, "קפוצ'ון"
7	גָחוֹן	בטן (בעיקר של בעלי חיים, מקובל גם בכלי רכב, גחון הטנק - החלק התחתון של הטנק)
7	גִילְדָה	קבוצת אנשים בעלי אינטרס משותף
7	דְּבוּקָּה	צרור פצצות המשוגרות יחדיו
7	דְּבוּקָּה	קבוצת צנחנים הצונחים יחדיו
7	דְּבֵלָה	גוש של תאנים מיובשות
7	דָּגָן	כל תבואת השדה
7	דוּאָלִי	בעל שני צדדים
7	דּוֹרוֹן	מתנה
7	דֶּחִי	כישלון, מעידה
7	דָּלוּחַ	לא צלול, עכור
7	דִּמְדּוּמִים	אור חיוור שניתן לראות לאחר השקיעה
7	דִמְעוֹת שָׁלִישׁ	בכי גדול, בדמעות ובתחנונים רבים
7	דֹּפִי	פגם, ליקוי
7	דַפְתָר	פנקס, מחברת
7	דֵרָאוֹן	בושה, חרפה
7	דַרְגָש	שרפרף, כסא נמוך, ספסל נמוך לשכיבה
7	הָבִיל	ספוג הבל, מלא אדי מים
7	הִבְלִיעַ	אמר דברים בצורה מרומזת
7	הִבְלִיעַ	הסתיר דבר בתוך דבר, הכמין
7	הָגִיג	מחשבה, הרהור, שרעפים, חקרי לב
7	הִגִּיהַּ	תיקן שגיאות בטקסט כתוב
7	הִגְלִיד	התאחה, נרפא
7	הִדִּיר	מנע, שלל, אסר
7	הַזָחָה	הרווח שבתחילת פיסקה חדשה
7	הֵזִיחַ	הזיז משהו ממקום למקום, הסיט
7	הִילֵּךְ	שוטט, הלך לאיטו ללא מטרה מסוימת
7	הִכָּה גַּלִּים	עורר עניין, התפרסם
7	הִכָּה גַּלִּים	הביא לשינוי משמעותי בחשיבה המקובלת
7	הִכָּה שׁוֹרֵש	נעשה נפוץ ורווח, התקבל
7	הֶעֱתִיק	הזיז, העביר ממקום למקום
7	הֶקְהִיל	גרם לאנשים להתאסף, גם להם להפוך לקהל
7	הֶרֶף	הפסק! די! (ללא הרף - ללא הפסקה, כל הזמן)
7	הִתִּיק	הזיז, העביר ממקום למקום, הסיט
7	זָב	מטפטף, נוזל
7	זָב חֹטֶם	אדם פחות ערך
7	זָב חֹטֶם	כינוי גנאי לאדם חסר ניסיון, צעיר
7	זֶבֶד	מתנה, שי
7	זוֹט	קרקעית, תחתית של כלי
7	זוּטָא	קטן מאוד, זעיר, פעוט, שולי
7	זוּטוֹת	דברים של מה בכך, אפסי, זניח, חסר משמעות
7	זוּלָת	חוץ מ-, פרט ל-
7	זוּלָת	אדם או בני אדם, שאר האנשים
7	זוּלָתָן	אדם המעדיף את טובת האחר על פני טובתו שלו
7	זָח	זז, זע, נע
7	חֵבֶל	ייסורים, מכאוב, בציפייה לדבר חיובי (חבלי לידה)
7	חֶבֶל	אזור, מחוז
7	חֲבַרְבָּר	בעל חברבורות, מנומר
7	חָג	נע במעגלים סביב דבר מה, הסתובב
7	חָג	צייר עיגול (מחוגה - מכשיר לסרטוט מעגל)
7	חוֹזֵר	הודעה המופצת ברבים, תצהיר
7	חֲטָף	מהירות גבוהה (מבט חטוף - מבט מהיר)
7	חִיגֵּר	בעל מום ברגליו, צולע
7	חֲכִירָה	השכרת אדמה או נכס כלשהו למשך תקופת זמן ידוע מראש בתמורה לתשלום כספי
7	חֵלְכָּאִי	עני, אדם חלש ועלוב
7	חָרֵב	יבש
7	חָרֵב	הרוס, שומם, נטוש
7	חָרָבָה	אדמה שאינה מכוסה מים, יבשה
7	טַבּוּלָה רָאסָה	אינו יודע דבר בתחום מסוים, חסר דעה בנושא מסוים
7	יוֹקֵב	בעל יקב
7	יוֹרֶה	הגשם הראשון
7	יַנוּקָא	תינוק
7	יַעֲרָה	טבלת דונג שהדבורים בנו בה תאים ומילאו אותה בדבש
7	כְּסִיל	טיפש, שוטה
7	כְּפִיר	אריה צעיר
7	כָּפַן	רעב
7	כָּפַת	קשר, כבל
7	לַאֲשוּרוֹ	כהלכתו, במדויק
7	לָבִיא	אריה
7	לִבֵּן	הלהטת מתכת עד שצבעה נהיה ללבן
7	לִבֵּן	ברר סוגיה מסוימת כדי להגיע לפתרון או למסקנה
7	לִפְרָקִים	מדי פעם, מעת לעת
7	מַאְפֵּלְיָה	מקום משכנו של הרשע
7	מַאְפֵּלְיָה	חושך מוחלט, אפלה
7	מִבְדוֹק	מבנה מיוחד המיועד לתיקון כלי שייט
7	מְבוּזָּר	מפוזר
7	מָגוֹר	פחד, אימה
7	מִגֵּר	הביס את האויב, ניצח
7	מִגֵּר	השמיד משהו לחלוטין, חיסל
7	מְהֻקְצָע	מלוטש, עבר החלקה בעזרת מקצועה
7	מְהֻקְצָע	מסוגנן, אלגנטי
7	מוּבָאָה	ציטוט
7	מוֹרַג	כלי דַּיִשׁ קדום (דיש - הפרדת גרגירי תבואה)
7	מָזוֹר	מרפא, תרופה
7	מָזוֹר	חולי, מכאוב
7	מִזְקָקָה	מקום לזיקוק ולהכנת משקאות חריפים
7	מַחְבּוֹש	עונש של כליאה
7	מַחְבֵּצָה	כלי מיוחד ששימש להכנת מוצרי חלב כמו גבינה או חמאה
7	מְחֻטָּט	מלא בצלקות שנגרמו ממחלת עור כלשהי
7	מָךְ	עני
7	מָלֵא תְּכוּנָה	שוקק חיים, מלא פעילות
7	מֵלִיץ	מי שממליץ על מישהו ומבר בזכותו
7	מֵלִיץ	מתורגמן
7	מַנְפֵּטָה	מכונה מיוחדת המשמשת להפרדת סיבי הכותנה מהזרעים
7	מְסוֹאָב	מלוכלך מאוד, מטונף
7	מְסוֹאָב	מושחת מוסרית, מנוון
7	מִסּוּך	שיבוש והחלשת שדות חשמליים
7	מִסּוּך	יצירת הפרדה, יצירת חציצה
7	מָסַךְ	מזג, ערבב משקה במשקה
7	מַעֲרֶה הַיַּעַר	אזור נטול עצים ביער, קרחת היער
7	מַפְסֶלֶת	כלי עבודה המשמש לסיתות אבן או גילוף עץ, אזמל
7	מַק	ריקבון
7	מַרְזֵחַ	משתה (בית מרזח - פאב)
7	מֹרֶך לֵב	הרגשת פחד וזעזוע, בעתה, אימה
7	מַרְנִין	משמח
7	מַרְנִין	מהנה ביותר, נעים
7	מִשְׂגָּב	מקום גבוה שמשמש כמחסה, מצודה
7	מִשְׁוֶרֶת	טבעת לרגל בצד האוכף
7	מַשְׂטֵמָה	איבה, שנאה עזה
7	נֹאד	שק עור לנוזלים, מימיה
7	נָאוֹר	מתורבת, משכיל
7	נֶאֱלָם	השתתק, נדם
7	נְאָצָה	גידוף, דברי בלע
7	נֶבֶט	צמח בראשית צמיחתו
7	נִבְעָר	בּוּר, חסר השכלה
7	נָבַר	חיטט, פשפש
7	נִגַר	נזל, זרם
7	נָהָה	רצה מאוד, השתוקק
7	נְהִי	בכי מר, יללה
7	נוֹאָל	טיפשי, אווילי
7	נוֹקֵד	מגדל צאן, רועה צאן
7	נוֹשֶה	מלווה
7	נְחִירָה	המתת בעלי חיים (בדרך כלל חזיר) על ידי דקירה
7	נִיר	אחו, שדה שנחרש
7	נַכְלוּלִי	רמאי, נוכל, מעורפל בכוונותיו
7	נָפָה	כלי בעל נקבים קטנים לניפוי קמח, מסננת
7	נָפָה	אזור, אחוז
7	נֵצֶר	בן, צאצא
7	נֵצֶר	ענף רך הצומח מהשורש
7	נָצַר	שמר, הגן
7	נָשִׂיא	ענן נושא גשם
7	נֶשֶׁךְ	ריבית
7	נִשְפֶּה	חלק ותלול
7	סַד	מכשיר עינוי קדום
7	סַד	לוח מיוחד המשמש לקיבוע ותמיכה באיבר פצוע
7	סַהַר	ירח, לבנה
7	סְחִי	אשפה, זוהמה, לכלוך
7	סֵיפָא	סוף, החלק האחרון (להיפך: רֵישָא)
7	סְפּוֹרָדי	בלתי סדיר, אקראי, ללא חוקיות קבועה
7	סְפָר	גבול, קצה, רצועת אדמה החוצצת בין מדינות (ישובי ספר - ישובי גבול)
7	סְתַגְּלָן	מי שמתאים עצמו בקלות למצבים חדשים, אדפטיבי
7	עָב	ענן
7	עֲבוֹתוֹת	חבלים עבים
7	עֲזוּבָה	מצב של הרס והזנחה
7	עֲלוּמִים	ימי הנעורים
7	עֲלָטָה	חושך, אפלה
7	עָשָׂה נְפָשׁוֹת	גייס תומכים למשהו
7	פּוּלְמוּס	ויכוח, מחלוקת
7	פּוּר	מזל, גורל
7	פּוּרְתָּא	מעט, קצת (נחמה פּוּרְתָּא - נחמה מועטה)
7	פִּיד	אסון, צרה
7	פִּיל לָבָן	כינוי לפרויקט ענק שהושקע בו רבות אך אין בו שימוש
7	פִּילֵּל	ציפה, קיווה
7	פִּיסֵח	צולע
7	פַּרְגּוֹד	סוג של מחיצה ניידת
7	פְּרוֹלוֹג	מבוא, הקדמה (להיפך: אפילוג)
7	פִּתְחוֹן פֶּה	אפשרות לומר דבר מה, הזדמנות לטעון משהו
7	צְבִיר	קבוצה (צביר עננים - קבוצת עננים)
7	צְדִיָּה	כוונה רעה, זדון
7	צַדְקָנוּת	תכונתו של הצדקן, גלגול עיניים
7	צָמִיג	סמיך, דביק
7	צִקְצוּק	קול הנוצר על ידי הנעת הלשון בין השיניים לחניכיים (לרוב מציין חוסר אישור או שלילה)
7	צָרוּף	מזוקק, ברור וטהור (תענוג צרוף - הנאה מוחלטת)
7	צָרַר	התנכל, התנהג באיבה כלפי מישהו, היה אויבו (צר - אויב)
7	צָרַר	קשר יחד לחבילה
7	קְבָסְתָּן	טרחן, מישהו שמעורר בחילה וגועל
7	קוֹבַע	קסדה
7	קוֹלָן	מכשיר המשמש לכיוון כלי נגינה
7	קִטְרֶג	האשים, הביא לדין
7	קִיקְיוֹנִי	זמני, ארעי
7	קָלוֹן	בושה, חרפה (אות קלון - סימן גנאי)
7	קְלוֹקֵל	שטיבו גרוע, איכותו ירודה
7	קִלֵּס	הילל, שיבח
7	קִלֵּס	קִילֵל, לעג, השפיל, ביזה
7	קַנְטְרָן	סכסכן, נוהג להתגרות ולהרגיז
7	קִנְיָן	רכוש, נכס
7	קַפֶּנְדַרְיָא / קַפַּנְדְּרִיָּה	דרך קיצור
7	קַרְדּוֹם	מכשיר לחטיבת עצים, גרזן
7	קַרְפִּיף	שטח מגודר
7	רְבָב	כתם, פגם, מום מוסרי (ללא רבב - מושלם)
7	רָבִיד	שרשרת לצוואר, תליון
7	רָגַן	התלונן
7	רַהַב	התרברבות, גאווה
7	רָהוּי	הססני, חסר בטחון
7	רֵישָא	התחלה, החלק הראשון (להיפך: סֵיפָא)
7	רַכָּב	עֶגְלוֹן, "נהג" של כרכרה
7	רִנֵּן	ריכל
7	רִנֵּן	שר
7	רַפְרֶפֶת	סוג של קינוח אוורירי, פודינג
7	רָצַץ	שבר, ריסק, ניפץ
7	רָקַח	הכין תרופה או ריבה (מרקחת - ריבה, מרקחה - בֹּשֶׂם)
7	רָקַח	המציא (סיפור לא אמיתי), הכין תכנית (בהקשר שלילי)
7	רָש	עני
7	שִׁגָיוֹן	מחשבה שאינה מרפה
7	שִׁהוּי	עיכוב, איחור
7	שׁוֹחֵר	חובב, מתעניין ב-, (למשל: שוחר מדע)
7	שׁוֹחֵר	נאמן, ידיד (למשל: שוחר שלום)
7	שִׁוֵּעַ	התחנן, זעק
7	שִׁוֵּעַ	היה זקוק למשהו נואשות
7	שׁוֹעַ	בעל הון, עשיר
7	שָׁזַף	ראה, הביט
7	שָׁזַף	שרף, צרב
7	שָׁחוּחַ	כפוף
7	שָׁחוּן	חם ויבש
7	שַׁחַל	אריה צעיר
7	שִׁיפּוּי	ליטוש והחלקה של דבר מה בעזרת שופין, השחזה
7	שִׁיפּוּי	תשלום כספי (לרוב כפיצוי)
7	שְׂכַלְתָן	אדם שחיי את חייו על פי השכל וההיגיון במקום רגשות או אמונות, רציונליסט
7	שָׁנָה	עשה משהו שוב ושוב, חזר על פעולה מסוימת
7	שָׁנָה	למד, שינן
7	שְׁנִיוֹנִי	בעל חשיבות פחותה מעט מדבר אחר שהוא החשוב ביותר, משני
7	שִׁסֵּעַ	קָּרָע (שִׁסֵּעַ את דברי חברו - קטע את דברי חברו)
7	שַׁעַל	פסיעה, צעד
7	שְׁתַדְלָן	מי שמנסה לשכנע אנשים לעשות דבר מה
7	תַּאֲנִיָּה וַאֲנִיָּה	בכי מר על אסון
7	תּוֹעַמְלָן	מי שעוסק בתעמולה, מי שמפיץ מסרים ברבים
7	תִּחוּחַ	פירור האדמה בעזרת כלי כלשהו
7	תִּיתוֹרָה / תִּיתוֹרֶת	שולי הכובע, שוליים בולטים של חפץ כלשהו
7	תַּכְרִיכִים	בדים לבנים בהם עוטפים את המתים לפני הקבורה
7	תִּכְתּוֹבֶת	השם לכלל המכתבים שנשלחו מאיש לרעהו
7	תִּכְתּוֹבֶת	החלפת מכתבים הדדית בין אדם למוסד כלשהו
7	תִּלֵי תִּילִים	שפע רב
7	תְּמוּרָה	שינוי, מפנה, תהפוכות
7	תַּמְלִיל	טקסט
7	תְּנוּבָה	יבול, תוצרת חקלאית
7	תְּעוּדַת עֲנִיוּת	עדות לחוסר יכולת
7	תִּעֵל	הפנה לאפיק מסוים, כִּיוֵן
7	תִּעֵל	חפר תעלות לניקוז או השקיה
7	תַּעַל	רפואה
7	תַּשׁ	הפך לחלש, התעייף
7	תַּשְׁלִיל	סרט צילום ממנו מפיקים את התמונות, נגטיב
8	אִבְחָה	ברק, נצנוץ
8	אִבְחָה	תנופה/הנפה מהירה של חרב
8	אֶבֶן הָרֹאשָׁה	מרכזי, חיוני
8	אֶבֶן הָרֹאשָׁה	האבן שבמרכז הקשת (בבנין)
8	אֶבֶן נֶגֶף	מכשול, הפרעה (נגף - מחלה)
8	אֶבֶן פִּינָּה	דבר יסודי, עיקרי
8	אֶבֶן פִּינָּה	אבן שמניחים ביסוד בניין חדש
8	אֶבֶן שׁוֹאֶבֶת	מגנט
8	אֶבֶן שׁוֹאֶבֶת	מוקד משיכה, מוקד התעניינות המושך תשומת לב
8	אֶבֶן שָׂפָה	האבנים שבשולי הכביש, תחילת המדרכה
8	אַגַּב אוֹרְחָא	דרך אגב
8	אִדְרָה	עצם של דג
8	אוֹטוֹקְרַטְיָה	שלטון יחיד
8	אוּנְקְיָה	יחידת משקל, כ-29 גרם
8	אָזַר מָתְנָיו / חַלְצָיו / חַיִל	התכונן למאבק (אזר - התמלא)
8	אַחֲרִית	קץ, סוף, סיום
8	אִיטֵּר (יַד יְמִינוֹ)	שמאלי
8	אַמְתַּחַת	תיק, תרמיל, ילקוט, שק, נרתיק, ארנק
8	אַסְפַּקְלַרְיָה	נקודת מבט, נקודת השקפה
8	אַסְפַּקְלַרְיָה	מַרְאָה
8	אָפוּף	מוקף, עטוף
8	אַפִּרְיוֹן	כינוי לבית הקדש
8	אַפִּרְיוֹן	חופה עשויה אריג, המשמשת בעיקר לקישוט
8	אַפִּרְיוֹן	מושב כבוד שמעליו חופה ועליו נשאו בימי קדם אנשים נכבדים
8	אָצַר	העלים, החביא, הסתיר
8	אָצַר	שמר
8	אָצַר	הכיל בתוכו, נשא בחובו, החזיק, הכיל
8	אֲרוֹמָה	ניחוח, ריח קל
8	אֹרַח	אופן התנהגות, דרך חיים, הליכות
8	אַרְכֻּבָּה	בֶּרֶך
8	אַרְכֻּבָּה	ידית כפופה בצורת ברך המשמשת להפעלת מכונה/מנוע
8	אֲרֶשֶׁת (פָּנִים)	הבעת פנים
8	אַשְׁמַאי	חוטא (לרוב בהקשר של חטא מיני)
8	בַּד	קורת עץ המשמשת לכתישת זיתים (בית בד - מקום בו כותשים את הזיתים)
8	בַּד	ענף, זרד, חוטר
8	בְּחֵרוּק שִׁינַּיִים	בזעם וברוגז תוך איפוק עצמי, בקושי
8	בְּיֶתֶר שְׂאֵת	בעוצמה רבה יותר
8	בִּכְפִיפָה אַחַת	ביחד, באותו המקום
8	בִּלְתִּי אֶמְצָעִי	ללא תיווך, ישיר
8	בִּלְתִּי נִדְלֶה	שאינו נגמר, אינסופי
8	בְּמֵישָׁרִין	באופן ישיר ללא תיווך, בלי הקדמות, ישר ולעניין
8	בְּעוֹד מוֹעֵד	בזמן, לא מאוחר מידי (מבעוד מועד - מספיק זמן לפני, לא ברגע האחרון)
8	בַּצַּר לוֹ	בזמן מצוקתו
8	גָּאָה	עָלַה, התרומם
8	גֵּב	גומה באדמה או בסלע שבה נקווים מי גשמים
8	גֹּב	בּוֹר, מאורה (גוב אריות - מאורת האריות)
8	גִּבֵּן	בעל חטוטרת, אדם שגבו מעוקם
8	גִּינּוּי	מתיחת ביקורת על מעשה כלשהו
8	גָּלְמִי / גּוֹלְמִי	במצבו הטבעי לפני שעבר עיבוד, ראשוני
8	גָּלְמִי / גּוֹלְמִי	ברוטו
8	גַּרְדוֹם	במה עליה מוציאים להורג (טעות נפוצה: קַּרְדוֹם - גרזן)
8	גָרוּם	רזה מאוד, בעל עצמות בולטות
8	דְּאָבוֹן	צער גדול
8	דוֹמֶן	זבל אורגני (בעיקר צואה של אדם או בעל חיים)
8	הִבְכִּיר	הבשיל בתחילת העונה
8	הֲוָיָה	מציאות, ממשות
8	הוֹלֵל	החי חיי הוללות/שובבות לא מוסרית, החי את הרגע ומרבה בתענוגות ובבילויים פרועים
8	הֵחִישׁ (אֶת) צְעָדָיו / פְּעָמָיו	הגביר את קצב הליכתו, מיהר
8	הֶחְרִישׁ	שתק, נאלם, דמם
8	הֶחְרִישׁ	השתיק, גרם לדממה
8	הִכָּה בְּאֶצְבַּע צְרֵדָה	השמיע נקישה בעזרת האמה והאגודל
8	הִכְפִּישׁ	דיבר בגנות
8	הָלַך בְּדֶרֶך כָּל בָּשָר / הָאָרֶץ	מת, נפטר
8	הִסְכִּין	התרגל, הסתגל
8	הֶעֱלָה עַל נֵס	פרסם, הפך דבר למופת, ציין לטובה
8	הָפַךְ אֶת עוֹרוֹ	שינה את דרך התנהגותו מקצה לקצה
8	הִרְכִּין	כפף, הטה כלפי מטה
8	הִשְׁלִיך נַפְשׁוֹ מִנֶּגֶד	סיכן את חייו בשביל משהו שהאמין בו
8	הִתְגַּלֵּעַ רִיב	הסתכסכו, התקוטטו, התעמתו
8	הִתְוָוה	תכנן בקווים כלליים מבלי להיכנס לדקויות
8	הִתְוָוה	שרטט, רשם, סימן
8	הִתְנַגֵּחַ	ניהל ויכוח תקיף וחריף
8	הִתְרִיס	מחה, התנגד
8	זֵד	רשע, זדון
8	חָבוּש	מי שיש לו כיסוי על הראש
8	חָבוּש	כלוא, אסור
8	חָבוּש	מי ששמו עליו תחבושת
8	חִדָלוֹן	חורבן, הרס
8	חוּט הַשָּׁנִי	קו יסודי החוזר ונשנה לאורכו של עניין כלשהו
8	חַט	שן השנהב הבולטת של הפיל
8	חֲטוֹטֶרֶת	גִבְנוּן בליטה בגב, דבשת
8	חֹסֶן	כֹּח
8	חֲסַר פְּנִיּוֹת	אובייקטיבי, הגון, לא משוחד
8	חֲפָתִים	כפתורים לרכיסת קצה השרוול
8	חֲפָתִים	כינוי לקפל בשרוול
8	חֲפָתִים	החלק הקיצוני בשרוול
8	חָרוֹן (אַף)	כעס, זעם
8	חַת	נבהל, התמלא פחד
8	טֶלֶף	פרסה
8	טְרַנְסְפוֹרְמַצְיָה	שינוי צורה, שינוי תכונות
8	יָצוּל	מוט בקצה של מחרשה או עגלה שרותמים אליו את הבהמה
8	כָּל אֵימַת שֶׁ-	בכל זמן ש-
8	כְּפִיפוּת	מצבו של מי שנמצא תחת סמכותו ופיקודו של אחר
8	כֹּפֶר	תשלום שנדרשים לשלם על מנת להציל חיי אדם
8	לָא מִנֵּיהּ וְלָא מִקְּצָתֵיהּ	שגוי לחלוטין (לא ממנו ולא קצת ממנו)
8	לַבִּירִינְתְּ	מבוך
8	להד"ם	בדיוני, ראשי התיבות של "לא היו דברים מעולם"
8	לִיבְּרָה	יחידת משקל
8	לַיִּש	אריה צעיר
8	לְמַכְבִּיר	הרבה, בשפע
8	לְמִצְעָר	לפחות
8	לְמַרְאִית עַיִן	לכאורה
8	לָעַז	רכילות
8	מַאֲוַיִּים	משיכה עזה, תאווה
8	מְבֻדָּר	מפוזר
8	מֻבְלַעַת	שטח אדמה שנמצא בשליטת מדינה אחת ומוקף בשטחי מדינה אחרת
8	מִבְּעוֹד מוֹעֵד	מספיק זמן לפני, לא ברגע האחרון (בעוד מועד - בזמן, לא מאוחר מידי)
8	מְדוּכָה	גליל המשמש לשיגור מטעני נפץ
8	מְדוּכָה	קערה המשמשת לכתישה בעזרת עלי (מוט בצורת גליל)
8	מְהַדְּרִין	מי שמקפיד על כל פרט ופרט, דקדקן
8	מַחַט	עלה צר, קשה ומחודד
8	מָחַט	קינח (את האף)
8	מַחְתָּה	כל אחד מהכלים המשמשים לטיפול האח (יעה, מגרפה וכו')
8	מַחְתָּה	כלי להעברת גחלים חמים ממקום למקום
8	מַטְרוֹנָה / מַטְרוֹנִית	גברת נכבדה
8	מִיָּמִים יָמִימָה	מזה זמן רב, מאז ומעולם
8	מִנִּי אָז	מאז
8	מְסוֹבָב	פועל יוצא, תוצאה
8	מִקַּדְמַת דְּנָא	מאז ומעולם, מאז ומתמיד
8	מְרוּפָּט	קרוע ובלוי, משומש
8	מִשְׁבָּר	גל
8	מַשְׁמִים	משעמם, שגרתי
8	נִבְכֵי נפְשוֹ	תוך תוכו (נאמר על אדם)
8	נִדְרַשׁ	עסק בעניין מסוים
8	נְהָרָה	אור, זוהר
8	נַחְתּוֹם	אופה, בעל מאפיה
8	נִיכָּר	נראה לעין, בולט
8	נְסִיקָה	התרוממות, המראה
8	נִעֵר (אֶת) חָצְנוֹ מ-	התנער מאחריות, התנער מהקשר אליו (חצנו = שולי הבגד)
8	נֶעְתְּקוּ מִילִּים מִפִּיו	לא השמיע קול, שתק
8	נַפְשׁוֹ יָצְאָה	רצה מאוד, השתוקק
8	סִדְקִית	שם כולל לחפצים קטנים (ביחוד כלי תפירה)
8	סִילּוּף	עיוות הדברים כך שיראו בצורה שונה מן המציאות
8	סָנַט	לעג, הִקְנִיט, התגרה
8	סְפּוֹנְטָנִי	ללא תכנון
8	עֹל	נטל, מעמסה
8	עֹל	זוג מוטות המחוברים לבהמה ומשמשים ככן לשאר אביזרי הרתמה
8	עֶלֶם / עַלְמָה	בחור צעיר / בחורה צעירה
8	פֵּאָה	דופן של גוף תלת-מימדי, פינה
8	פֵּאָה	קווּצת שיער מצידי הראש (פאות לחיים)
8	פַּח (יָקוּשׁ)	מלכודת, מכמונת
8	פִּיתוֹם	מי שמדבר מהבטן ללא הנעת השפתיים
8	פָּכַר	שבר, לחץ, מעך
8	פָּכַר אֶת יָדָיו / אֶצְבְּעוֹתָיו	שילב את אצבעותיו בחוזקה כביטוי לכעס או לצער רב
8	פְּלוּגְתָּא	מחלוקת, ריב, חילוקי דעות
8	פְּלוֹנִי	מישהו בלתי ידוע, אלמוני
8	פַּלָּצוּת	זעזוע עמוק, פחד עז
8	פָּרִיץ	אציל, בעל אחוזה שיש לשלם לו מיסים
8	פָּרִיץ	מושחת, חסר מוסר
8	פַּרְסָה	חומר דמוי ציפורן המכסה את טלפי הבהמה
8	פֵּשֶׁר	משמעות, פירוש (חסר פשר - לא מובן)
8	צוֹרֵף	אמן שעוסק בעיצוב מתכות יקרות לתכשיטים, תכשיטן
8	צַלְיָן	עולה לרגל
8	צָפוּד	מקומט, יבש ומצומק, מכווץ
8	צַרְכָנִיָּה	חנות המנוהלת ע"י ארגון חברים ללא מטרת רווח (מוכרת בעיקר מזון) או חנות מכולת קטנה
8	קְבָס / קֶבֶס	בחילה, גועל
8	קִטּוּב	ניגוד
8	קִיפֵּחַ	שָׁכל, איבד (קיפח את חייו - מת)
8	קִיפֵּחַ	גבוה מאוד, ענק
8	קִיפֵּחַ	הפלה לרעה
8	קַלּוּת רֹאשׁ	התייחסות מזלזלת שלא נותנת את הכבוד הראוי לנושא, קלות דעת
8	קְנוֹקֶנֶת	איבר בצמח הדומה לחוט אשר נכרך סביב עצמים ומאפשר לצמח לטפס
8	קַצְרָנוּת	שיטת כתיבה מקוצרת ומהירה לרישום פרוטוקולים (בעיקר בבית-משפט)
8	קֶרֶן יַעַר	כלי נשיפה ממתכת
8	רַחַשׁ	תנועה, רִשרוש
8	רָחַשׁ	הרגיש, חש (רוחש כבוד - מכבד)
8	רָחַשׁ	שקק, היה מלא חיים
8	רֶמֶץ	אפר חם שיש בו ניצוצות אש, גחלים
8	רֶפוֹרְמָה	שינוי יסודי ומקיף, תיקון הדברים מיסודם
8	שָׁבִיס	כיסוי ראש לנשים
8	שִׁוָּוה	הקנה לו
8	שַׁוֵּוה בְּנַפְשֵׁך	תאר לעצמך
8	שְׁוֵוה נֶפֶשׁ	אדיש
8	שַׁחֲרִית	אחת משלושת התפילות שיהודי חייב בהן מדי יום
8	שַׁחֲרִית	שעות הבוקר, זריחה
8	שִׁנֵּס	קשר חגורה סביב המותניים, חגר
8	שָׁעָה	התייחס, שם לב (לא בהכרח הסכים לבקשה) (להיפך: התעלם)
8	שָׁפוּף	כפוף
8	שָׁרִיר וְקַיָם	ידוע וברור מעבר לכל ספק, ודאי
8	שַׂרְעַפִּים	מחשבות, הרהורים
8	תַּבְלִיט	צורת פני האדמה
8	תַּבְלִיט	סוג של פסל הבולט מהמשטח החלק עליו הוא מפוסל
8	תּוֹחֶלֶת	תקווה, סיכוי (חסר תוחלת - חסר סיכוי, חסר טעם)
8	תּוֹחֶלֶת	ממוצע משוקלל של מספר תוצאות (מוכח בסטטיסטיקה)
8	תִּינָּה	התאבל
8	תִּינָה (אֶת צָרוֹתָיו)	השמיע את צרותיו באוזני מישהו
8	תַּמְלוּגִים	תשלום עבור שימוש בזכויות יוצרים
8	תַּעֲרִיף	המחיר שיש לשלם בתמורה לדבר מה, שער
8	תִּקְרוֹבֶת	כיבוד
9	אֶבֶן יְסוֹד	דבר מרכזי במשהו, מרכז הכובד
9	אַבְּסוּרְדִי	חסר הגיון, שטותי, דבר שאינו מתקבל על הדעת
9	אַדְּרַבָּה	ההיפך הוא הנכון
9	אַדְּרַבָּה	למה לא? יופי!
9	אוֹב	קסם, כישוף
9	אוֹטוֹרִיטָה	סמכות הנובעת מידע בתחום מסוים
9	אוֹרַח	מנהג, אופן התנהגות, דרך חיים
9	אֵין תּוֹכוֹ כְּבָרוֹ	צבוע, שקרן
9	אִיֵּשׁ	הציב אנשים למילוי תפקיד מסוים
9	אִישׁ אֶשְׁכּוֹלוֹת	אדם הבקי בתחומים רבים ושונים
9	אֶנִיגְמָה	תעלומה, חידה
9	אַפְּרַקְדָן	שכוב על הגב
9	אֶשְׁתָּקַד	בשנה שעברה
9	אֶתְנַחְתָּא	הפסקה, פסק זמן
9	בְּחוּבּוֹ	בו, בתוכו
9	בִּיזָארִי	מוזר, לא נורמאלי
9	בִּכָּה	ספד, קונן והתאבל על מת
9	בַּלְדָּר	שליח, דוור, רץ
9	בָּלוּי	שחוק, מרופט, ישן וקרוע
9	בְּנַפְשׁוֹ הַדָּבָר	עבורו מדובר בדבר חיוני וגורלי בבחינת ייהרג ובל יעבור
9	בִּקֵּשׁ עַל נַפְשׁוֹ	התחנן על חייו
9	גְּדִיל	קצוות חוטים היוצאים משולי הבגד
9	גִּדֵם / גִּדֵעַ	קטוע יד
9	גֶּדֶם / גֶּדַע	גזע העץ שנשאר לאחר כריתה, חלק מאיבר שנשאר לאחר קטיעה
9	גָּדַם / גָּדַע	כרת, חטב, קטע
9	גְּלִימָה	בגד עליון ארוך
9	גָּמַר עָלָיו אֶת הַהַלֵּל	שיבח אותו
9	דִּבְרֵי חֲלָקוֹת	דברי חנופה, לשון חלקות
9	דָּחָה אוֹתוֹ בְּקַש	התחמק מלתת תשובה בתירוץ קלוש
9	דֹּחַק	מצב של מחסור ומצוקה
9	דֹּחַק	צפיפות
9	דָּמַם	השתתק, לא הוציא הגה
9	דָּמַם	הפסיק לזוז, נרגע, שקט
9	הֶאֱפִיל	עלה עליו ביכולתו
9	הֶאֱפִיל	החשיך, הקדיר
9	הֲגַם שֶׁ-	למרות שֶׁ-, אף על פי, אם כי
9	הֵחִישׁ	האיץ, זירז
9	הֶחֱשָה	לא השמיע קול, שתק, דמם לא התערב
9	הִכְלִים	בייש, הביך, הלבין את פניו, עלב
9	הִכְתִּיר	הסמיך מלך חדש
9	הִמְרָה אֶת פִּיו	נהג בניגוד להוראתו
9	הֵסִיר אֶת הַלּוֹט	חשף, גילה, פרסם (לוט - כיסוי)
9	הִסְתּוֹפֵף	שהה באופן ממושך במקום מסוים או בחברת אנשים מסוימים
9	הִסְתּוֹפֵף בְּצִלּוֹ	היה לתלמידו (הסתופף - שהה במחיצת אנשים)
9	הֶעֱרָה	גילה, חשף
9	הֶעֱרָה	שתה, לגם
9	הִצְמִית	השמיד, חיסל, החריב
9	הִקְצָה	ייעד משהו למטרה מסוימת, הקציב, הפריש
9	הִרְעִים	הרגיז, הביא לידי כעס
9	הִרְעִים	השמיע קול רעם, הרעשה
9	הִתְאוֹנֵן	התלונן
9	הִתְגַּפֵּף	התחבק מתוך אהבה, התרפק, התלטף
9	הִתְנַגֵּחַ	כשנאמר על בעל חיים: נאבק בעזרת קרניו
9	התקין	הכין, סידר, יצר
9	התקין	קבע תקנה, חוקק
9	ווַרְיַאצְיָה	נוסח, גירסה
9	וִירְטוּאוֹז	המצטיין בשלמות במקצועו, בעל רמת ביצוע גבוה במיוחד
9	זִכָּיוֹן	זכות מיוחדת לדבר מה
9	זַלְזַל	ענף
9	חָפַן	תפס דבר מה בכף ידו
9	חֹפֶן	מידת נפח המסמלת את הכמות שניתן להחזיק בכף יד קמוצה
9	חָרַץ	גזר, פסק, קבע
9	חָרַץ	שרט, עשה חריץ במשטח
9	טְפִיפָה	הליכה בצעדים קלים תוך התנדנדות, צעידה מרחפת
9	טַרְזָנִי	גנדרני, מתלבש בהידור
9	יִעוּד	הקצבת דבר או אדם למטרה מסוימת, הקדשה, יחוד
9	יִעוּד	שליחות, כוונה, תכלית
9	יָצָא חוֹצֵץ	התנגד בתוקף
9	יָצָא לָשׂוּחַ	יצא לטייל
9	כִּילַי	קמצן
9	כָּמוּס	מוסתר, חסוי, מוחבא
9	כָּפַר	לא הסכים עם דבר מקובל
9	כָּפַר	התכחש לקיום האל
9	כָּפַר	לא הודה בהאשמות המיוחסות לו
9	כְּרוּב	מלאך
9	לָאַט	לחש, דיבר לאט ובלחש
9	לוֹט	כיסוי, מעטה
9	לוּט	מכוסה, עטוף
9	לוּט	מצורף, נספח
9	לוּט בָּעֲרָפֶל	שאינו ברור, מעורפל
9	לָחַך	נגע קלות (כשנאמר על גלים, אש וכו')
9	לָחַך	כשנאמר על חיה: אכל עשב
9	לָחַך	שרף לחלוטין, כילה
9	לְלֹא כָּחָל וְסָרָק	כמו שהוא מבלי להוסיף או לגרוע, ללא קישוטים ותוספות
9	לְמַפְרֵע	לאחר מעשה, על מה שהיה
9	לְמִשְעִי	באופן נקי ביותר, באופן חלק
9	לִסְטִים	שודד, גנב
9	לִפְנַי וְלִפְנִים	באופן יסודי ומעמיק
9	מִגְדָּנוֹת	דברי מתיקה (אפשר גם: מגדנים)
9	מָגוֹף / מְגוּפָה	ברז, פקק, שסתום ויסות
9	מוּבְהָק	ניכר בברור, בולט
9	מוּבְהָק	אופייני, טיפוסי, ייצוגי
9	מוּפְשָט	ערטילאי, נטול גשמיות (להיפך: מוחשי)
9	מִינוּת	כפירה בדת, כפירה בעיקר
9	מְלוּבָּן	מובהר, מוסבר, מפורש
9	מִנְשָר	הצהרה, כרוז
9	מַעֲקָשׁ	מכשול, סיבוך
9	מַעֲקָשׁ	מפותל, שאינו מישורי
9	מְשׁוֹבֵב נֶפֶשׁ	מהנה ביותר, נעים
9	מִשְׁנֶה	כפול ומכופל, רב מאוד (משנה תוקף, משנה חשיבות)
9	מִתְוֶוה	שרטוט או רישום בקווים כלליים, סקיצה
9	נֵאוֹת	הסכים
9	נָאוֹת	מתאים, ראוי, הולם
9	נֹגַהּ	אור, זוהר
9	נָד / הִתְנוֹדֵד	נע, מתנועע
9	נִדְבָּך	דרגה בהתפתחותו של דבר מה, שלב
9	נִדְבָּך	שכבה
9	נִטַּשׁ	התחולל, התפשט
9	נִכְמַר לִבּוֹ	ריחם, חס
9	נָסַךְ	יצק נוזלים לצורך פולחן דתי
9	נָסַךְ	התיך
9	נָסַךְ	השרה, יצר אוירה מסויימת
9	נִקְהַל	נקבץ, נאסף
9	נִקְרָה	סדק רחב בסלע או בהר, נַקִיק
9	נִקְרָה	הזדמן, הגיע למקום או נפגש עם מישהו באקראי, באופן לא מתוכנן (נקרה בדרכו)
9	סְבָרָה	דעה רווחת, השערה
9	סוֹלְלָה	גבעה מלאכותית מוארכת
9	סוֹלְלָה	יחידת תותחים
9	סָלַד	הרגיש דחייה כלפי משהו, נגעל
9	סָעַד	סייע, טיפל
9	סָעַד (אֶת) לִבּוֹ	אכל, השביע רעבונו
9	סָפַק אֶת כָּפָּיו	מחא כף מתוך צער או אכזבה
9	עַבְדְקָן	בעל זקן עבה ומגודל
9	עֲבוֹט	חפץ בעל ערך הניתן למִשכון בתמורה להלוואה, ערבון
9	עִוְעִים	תעתועים, שיגעון (רעיונות עִוְעִים - רעיונות מטורפים)
9	עוֹפֶר	אייל או צבי צעיר
9	עוֹפֶר	כשנאמר על אדם: עלם חמד, צעיר
9	עַמוּד הַתָּוֶוך	דבר מרכזי במשהו, מרכז הכובד
9	עֵרָה	מזג, שפך נוזל
9	עֵרָה	הרס, החריב
9	עֵרָה	חשף, גילה
9	פֹּארָה	ענף
9	פּוֹחֵז	חסר אחריות, פזיז, נמהר
9	פֶּלֶך	כְּישוֹר, מוט המשמש לטווית חוטים
9	פֶּלֶך	אזור, מחוז
9	פִּנְכָּה	קערה, צלוחית, פלטה (מְלַחֵךְ פִּנְכָּה - מתחנף)
9	פַּס	עבר מן העולם, תם
9	פָּקַד	בא, ביקר מישהו
9	פָּקַד	סָפַר, מנה
9	פָּקַד	ציווה, הורה
9	פַּרְסָה	מידת אורך קדומה
9	צָבָא	התאסף, התקהל
9	צוֹעֵר	חניך בית ספר לקצינים
9	צוֹעֵר	עוזר, סגן
9	צוּר	סלע גדול
9	צוּר מַחְצַבְתּוֹ	מקורו, מולדתו, המקום שממנו בא ואליו הוא משתייך
9	צִיַה	מדבר, שממון
9	צָנוּף	מגולגל, מכורבל, מכווץ
9	צָנוּף	כרוך סביב הראש
9	צַר	אויב, שונא
9	צַר	חֲבָל, מצער
9	צַר	לא רחב, מצומצם
9	קַב	מידת נפח קדומה
9	קְדֵרָה	כלי לבישול, סיר
9	קוֹלֶגָה	חבר למקצוע, עמית
9	קָטוּם	שנכרת ונקצץ ראשו
9	קָם	אויב
9	קָם	נבנה, יוסד
9	קָם	התעורר, פקח עינים
9	קַנְקַן זָפוּת	בעל זיכרון טוב (כמו קנקן שחוריו סתומים בזפת ואינו דולף)
9	קְסַרְקְטִין / קְסַרְקָט	מחנה צבאי, מגורי חיילים
9	קָרוּץ	עשוי מ-
9	רָבַץ לְפִתְחוֹ	נמצא בסביבתו הקרובה
9	רָבַץ לְפִתְחוֹ	ארב לו
9	רֵיאָלִי	ישים, אפשרי
9	רֵיאָלִי	מציאותי
9	רַעֲמָה	המון שיער
9	רַעֲמָה	שיער ארוך הגדל על העורף של בעל חיים
9	רָצַע	עשה חור (מַרְצֵע - מכשיר לניקוב חורים)
9	שָׁוְא	שקר וכזב (לרוב מופיע בצירופי סמיכות כגון "תלונת שווא")
9	שָׁוֶוה לְכֹל נֶפֶשׁ	כל אחד יכול להרשות לעצמו, זול
9	שָׁוֶוה לְכֹל נֶפֶשׁ	מתאים לכל אחד, פשוט
9	שֶׁנֶץ	רצועה, שרוך
9	שֶׁצֶף	זרם חזק, שטף
9	שֶׁצֶף	כעס, זעם
9	שְׁרִירוּת	אופן התנהגותו של מי שפועל לפי גחמותיו גם אם הן פוגעות באחרים
9	שְׁרִירוּת לֵב	עקשנות, התנהגות חסרת הגיון והתחשבות
9	שְׁרִירוּתִי	בנוי על דעה בלתי מבוססת או רצון עיקש שאין לו הצדקה אמיתית
9	שָׂרָף	כינוי לנחש ארסי
9	שָׂרָף	מלאך
9	תּוֹאֲנָה	סיבה, תירוץ
9	תּוֹכָחָה / תּוֹכֵחָה	דברי מוסר, עונש
9	תּוֹלָדָה	תוצאה, מסקנה, דבר שהסתעף מדבר עיקרי
9	תְּכִיפוּת	תדירות, נפיצות
9	תָּכַף	התרחש לעתים קרובות, בתדירות גבוהה
9	תָּר	ריגל, בלש אחרי, עקב
9	תָּר	חיפש, ביקש
9	תָּר	סייר, טייל
9	תְּשׁוּרָה	מתנה, מנחה, שי
10	אַבְנֵט	חגורה רחבה
10	אַבְקָן	חלק בפרח המכיל אבקה המשמשת להפריית פרח
10	אַבְרֵך	כינוי לאיש צעיר, כיום נפוץ ככינוי לבחור הלומד בישיבה (אַבְרֵך - אָב בַּחָכְמָה רַךְ בְּשָׁנִים)
10	אוֹטוֹבִּיוֹגְרַפְיָה	תולדות אדם הכתובות בידי עצמו
10	אוֹמְנִיפּוֹטֶנְטִי	כל-יכול
10	אָשְׁיוֹת	מסד, בסיס, יסוד
10	אָזַר עֹז / כֹּחַ / אֹמֶץ	הֵעֵז (אזר - התמלא)
10	אָחַז אֶת הַשּׁוֹר בְּקַרְנָיו	פנה מיד לטפל בעניין
10	אִידֵאָל	שיא השלמות, דבר שרוצים להשיגו
10	אִיּוּשׁ	הצבת אנשים במקום מסוים על מנת שיבצעו מטלה מסוימת
10	אִינְהֶרֶנְטִי	פנימי, טבוע (בתוך)
10	אֵיפָה	מידת נפח עתיקה
10	אִישׁ מָדוֹן / מְדָנִים	סכסכן
10	אִכּוּל	שריפה, בערה
10	אֲנֶקְדּוֹטָה	בדיחה, קוריוז
10	אֲסוּפָה	מקבץ מאמרים בנושא מסוים
10	אַפְסָר	רסן, רתמה
10	אָקוּטִי	מהותי, חריף, חמוּר
10	אָרִיחַ	לוח אבן בעל צורה מלבנית המשמש לכיסוי הרצפה או הקירות, מִרְצֶפֶת, בלטה
10	אָרִיס	אדם המקבל לידיו חזקה על אדמה ומעבד אותה בתמורה לאחוז מסוים מהיבול
10	אֶשְׁכָּר	מתנה, שי
10	בְּחִישָׁה	ערבוב
10	בִּיכֵּר	העדיף
10	בִּכּוּרִים	ראשית התבואה, היבול הראשון (פירות ראשונים ואף ספר ראשון של סופר)
10	בְּלִי מֵשִׂים	בלי לשים לב, כבדרך אגב
10	בִּלְתִּי נִלְאֶה	נאמר על אדם שעושה משהו במרץ והתמדה ולא מראה סימני עייפות
10	בִּמְבֵּם	פיזם מנגינה ללא מילים, זמזם, המהם
10	בְּצַוְותָּא	ביחד, עם עוד אנשים
10	בַּר-חֲלוֹף	זמני וחולף, עראי
10	בְּרַם	אולם, אבל, אך, ועם זאת
10	גָבִין	גַּבָּה (גבינים - גבות)
10	גַּחֲמָה	קפריזה, שיגעון לדבר מסוים, דחף פתאומי למשהו (גחמני = קפריזי)
10	גְּלָלִים	צואת בעלי החיים
10	גָלְמוּד	בודד, עזוב
10	גִנּוּנִים	כללי התנהגות טקסית ומנומסת המקובלים בחברה כלשהי
10	גַשְׁמִי	שניתן לתפיסה בעזרת החושים, חומרי, מוחשי, ממשי, ארצי
10	דָּא עָקָא	זו הצרה, זו הבעיה
10	דָּהוּי	שצבעו נחלש והחוויר
10	דּוֹבְרָה	סירה להעברת משאות, רפסודה
10	דְפוּס	תבנית אופיינית להתנהגות אדם או תהליך שיטתי כלשהו, מודל, טיפוס
10	דֹק	שכבה דקה, קרום, ציפוי, כיסוי, מעטה
10	הֶאֱצִיל	העביר סמכות לאחר, העביר תכונה לאחר
10	הֶגְמוֹנְיָה	שליטה, שלטון עליון, עליונות
10	הוּדְרְכָה מְנוּחָתוֹ	היה טרוד, משהו הפריע לו
10	הוֹלֵך בַּתֶּלֶם	הולך לפי המקובל, נוהג בדיוק כפי שציוו עליו
10	הֵחִיל	העניק תוקף לחוק או תקנה
10	הָיָה בְּעוֹכְרָיו	הדבר היה לרעתו, הכשיל אותו
10	הִכְפִּיף	שם מישהו תחת מרותו של מישהו אחר
10	הַלָּה	ההוא, המדובר
10	הִלִּין	התלונן
10	הַלְמוּת	דפיקה בקצב קבוע, מכה, נקישה
10	הִלְעִיז	השמיץ, פרסם שקרים הפוגעים בשמו של מישהו
10	הִמְצִיא	הציג, נגיש
10	הִנְפִּיק	הוציא שטרי כסף או איגרות חוב לציבור הרחב (לרוב נאמר על בנק)
10	הִנְפִּיק	המציא ומסר לידי מישהו תעודה רשמית כלשהי
10	הִסְתַּיֵּג	לא הסכים עם משהו, טען נגד, דחה
10	הִשְׁלִיך יְהָבוֹ עַל	תלה תקוותו ב-
10	הִתְבַּדְּרוּת	השתעשע (מהמילה בִּידוּר)
10	הִתְבַּדְּרוּת	התפזר (שיערה התבדר ברוח)
10	הִתְחַקָּה	ניתח ובחן, חקר
10	הִתְחַקָּה	עקב אחריו, ריגל
10	הִתְלַהֵם	התכתש, השתולל, התנהג בתוקפנות
10	הִתְנוֹדֵד	נע מצד לצד בחוסר יציבות
10	הִתְנוֹפֵף	התנועע ברוח מצד לצד
10	הִתְקַשֵּׁט בְּנוֹצוֹת זָרִים	התפאר בדבר מה שלא הוא עשה, או בדבר שאינו שלו
10	זִבְדָה	שמנת
10	זְמָם	מחסום ששמים בפי בהמה בכדי למנוע ממנה לאכול או לנשוך
10	חֲגָוִים	נקיקים, סדקים, חריצים
10	חֲוִילָה	ווילה, קוטג'
10	חוֹסֶה	מי שנמצא במוסד טיפולי (בשל נכות, זקנה וכו')
10	חִיוַּורְיָין	מעט חיוור, לבנבן
10	חִיל (וּרְעָדָה)	פחד גדול, אימה
10	חַכְלִילִי	אדמדם, אדמוני, סמוק
10	חָמָס	שוד, גניבה, גזל
10	חָרוּל	קוץ
10	חֲרוּשׁ	שיש בו, שיש בו סימנים של (חרוש קמטים, חרוש דאגה)
10	חֲרִיץ	נתח, חתיכה, פרוסה (חָרִיץ גְבִינָה - חתיכת גבינה)
10	חִשּׁוּל	עיצוב תכונות המתכת על ידי ליבונה
10	חִשּׁוּל	חיזוק אדם מבחינה מנטאלית, חיסון, הקשחה
10	טָרוּף	חסר שקט (שינה טרופה - שינה לא שלווה)
10	יְהָב	תקווה, סיכוי (השליך יהבו על מישהו - תלה בו תקוות)
10	יוֹרֵד יָם	יַמַּאי, סַפָּן, מַלָּח
10	כּוֹחוֹ יָפֶה	יש לו תוקף
10	כִּיּוּר	חריטה על הקיר לשם נוי
10	כִּיּוּר	עיצוב צורות מחומר רך כלשהו (פלסטלינה, חמר.. . )
10	כִּינוּן	הקמה, ביסוס
10	כְּלוֹנָס	מוט, קורה ארוכה ודקה
10	כִּמֵּת	מלשון כמות - ביצע מדידת כמות, מדד
10	כִּתֵּר	הקיף מכל הצדדים
10	לְאַלְתַּר	באופן מיידי, על המקום, תכף ומיד
10	לִבָּה אֶת הַיְּצָרִים	עורר סערת רגשות, הלהיט את הרוחות
10	לִבְלוּב	פריחת ניצנים (להיפך: קמל)
10	לִבְלוּב	התפתחות מבטיחה של רגשות חיוביים
10	לְמֵישָׁרִין	כמו שצריך, ללא כל בעיה
10	לְסֵרוּגִין	פעם כך ופעם אחרת, לא באופן רציף
10	מַבְכִּירָה	אישה או בהמה המביאה לעולם את צאצאה הראשון (הבכור)
10	מִגְבַּעַת	כובע רחב שוליים
10	מַדְוֶה	כאב
10	מַדְמֵנָה	מזבלה, אדמה בוצית
10	מַהֲדִיר	מי שמוציא ספר ישן במהדורה חדשה, מי שעורך ספר לדפוס
10	מוֹעֵד	זמן
10	מוֹעֵד	חג
10	מוֹרֶך (לֵב)	חולשה, פחד
10	מִזְכָּר	מכתב קצר ולא רשמי בנוגע לעניין מסוים
10	מַחְמָל	דבר המעורר חמלה ואהבה (מַחְמַל נַפְשׁוֹ = יקירו, אהובו)
10	מְטֻלָּל	רטוב מטל
10	מְטוּרְזָן	הדור בלבושו, מגונדר
10	מְכוּרְכָּם	בצבע צהוב-כתום (כצבע הצמח כורכום)
10	מִלְטָשָׁה	בית מלאכה לליטוש שיש, אבני חן וכו'
10	מִסְדָּר	התאחדות של אנשים על יסוד רקע משותף
10	מַסָּה	חיבור עיוני קצר
10	מָש	זז, נע
10	מַשְׂאַת לֵב / נֶפֶש	שאיפתו ותקוותו של אדם, חלום
10	מִשֶּׁכְּבָר הַיָּמִים	מלפני זמן רב
10	מַתְמִיהַּ	מעורר פליאה, מדהים
10	מַתְמִיהַּ	מוזר, תמוה
10	נֶאֱלָח	מתועב, בזוי
10	נָגַשׂ	דחק במישהו, רדה בו, דיכא אותו
10	נָגַשׂ	דרש שהאדם שחייב כסף יחזיר את חובו
10	נוֹחַ לַבְּרִיּוֹת	שקל להסתדר איתו, טוב מזג
10	נוֹפֶך	אחת מאבני החושן
10	נוֹפֶך	תוספת קלה ועדינה למשמעות או למראה של דבר מה, ניואנס
10	ניוּאַנְס	הבדל דק
10	נִיחָר	יבש, בעיקר בהקשר של גרון יבש מדיבור
10	נִכְסָף	דבר רצוי מאוד, שמשתוקקים אליו, נחשק
10	נִפְרַע	שולם
10	נִפְרַע	נקם (במישהו)
10	נִצַּחַת	נחרצת, מכרעת
10	סִדּוּר	ספר המכיל את התפילות
10	סָדוּר	מסודר, מאורגן
10	סוּרֵיאָלִיסְטִי	לא מציאותי
10	סָמוּך עַל שוּלְחָנוֹ	נהנה מחסדיו, נתמך על ידו
10	סָמַךְ יָדוֹ על (משהו)	אישר, הסכים
10	סָר מֵרַע	מי שנמנע מלחטוא
10	סְרָק	ריקנות, חוסר תועלת (רעיון סרק - רעיון בלתי מעשי)
10	עָלָה בְּקָנֶה אֶחָד	תאם, השתלב
10	עָמִיל	סוכן
10	עֲנָק	תכשיט לצוואר, מחרוזת
10	עַרְכָּאָה	שם לדרגה בבית המשפט (שלום, מחוזי או עליון), שלב, רמה
10	פָּג	התנדף, הסתיים (פג תוקף - עבר התוקף, לא בתוקף), נעלם
10	פַּג	תינוק שנולד לפני הזמן המיועד
10	פּוֹרֵק עֹל	מי שנוהג בהפקרות ואינו מקבל מרות, כללים וחוקים
10	פִּזּוּר דַּעַת / נֶפֶש	בלבול, חוסר ריכוז
10	פִּכָּה	התפרץ וזרם החוצה, נבע
10	פְּעָמָיו	צעדיו (פַּעַם=צעד=שַׁעַל)
10	פָּרָדוֹקְס	סתירה פנימית
10	פְּרִישוּת	התנזרות מתענוגות, חיי צניעות
10	פֶּרְמָנֶנְטִי	קבוע
10	פָּרַף	סגר באמצעות כפתורים או רוכסן
10	פַּשְׁטָנִי	שטחי ולא מעמיק, רדוד
10	צָבָה	תפח, התנפח
10	צֶדַע / צְדָעַיִם / צְדָעוֹת	רקה/רקות, כל אחד מצדי המצח ליד האוזן
10	צוֹנֵן	קריר, לא חם
10	צָלַח	הצליח
10	צָלַח	חצה תעלת מים או נהר
10	צְנִיפָה	צהלת הסוס
10	קָבַל	התלונן, רטן
10	קֳבָל עַם וְעֵדָה	בגלוי, לעיני כל
10	קוּנְדֵּסוּת	מעשה שובבות
10	קִילּוּחַ	זרם דק, טפטוף
10	קַל דַּעַת	נמהר, פזיז
10	קַל תְּפִיסָה	כינוי למי שמבין דברים במהירות
10	קָפַח	הכה, הלם (שמש קופחת - שמש מחממת מאוד, שמש "מכה")
10	קְרֵי	דהיינו, כלומר
10	קָרַם עוֹר וְגִידִים	החל להיעשות ממשי, התממש
10	קָשִׁישׁ	זקן מאוד, ישיש
10	רְבָבָה	עשרת אלפים
10	רָמָה / עָלְתָה קַרְנוֹ	נחל הצלחה וזכה לכבוד
10	רִפְרֵף	בחן משהו באופן שִטחי ומהיר מבלי להתעמק בו, העיף מבט
10	רִפְרֵף	ריחף, גלש
10	שְׁאֵר בָּשָׂר	קרוב, בן משפחה
10	שׁוּמָה	בליטה בגוף (דומה לנקודת חן גדולה)
10	שׁוּמָה	הערכה, אומדן (פקיד שומה - פקיד מס)
10	שְׁכִיב מְרַע	חולה אנוש, גוסס
10	שָׂם נַפְשוֹ בְּכַפּוֹ	סיכן את עצמו
10	שָׁנוּן	חריף, פיקח
10	שָׁנוּן	חד, מושחז
10	שָנַק / שִנֵק	חנק
10	שִׁעוּר	גודל, מידה
10	שִׁפּוּל	תחתית, החלק הנמוך (שיפולי ההרים - המדרונות התחתיים)
10	שָׁת	שם, הניח
10	תִּמּוּכִין	מקור מוסמך כתוב, אסמכתא
10	תִּמּוּכִין	גיבוי, חיפוי
10	תָּמִיר	גבוה, זקוף
10	תַּעַר	סכין גילוח
10	תָּפֵל	חסר טעם עקב מחסור בתבלינים, סר טעם
10	תָּפֵל	סתמי, חסר משמעות
10	תֶּקֶר	חור בצמיג הגורם לבריחת האוויר ממנו ולהשבתת הגלגל, פנצ'ר
